ZWS,Zurn Elkay Water Solutions Corp
A,Agilent Technologies Inc
AA,Alcoa Corp
AACT,Ares Acquisition Corporation II - Class A
AACT-U,Ares Acquisition Corporation II - Units (1 Ord Class A & 1/2 War)
AACT-WS,Ares Acquisition Corporation II - Warrants (01/01/9999)
AAN,Aarons Company Inc (The)
AAP,Advance Auto Parts Inc
AAT,American Assets Trust Inc
AB,AllianceBernstein Holding Lp
ABBV,Abbvie Inc
ABEV,Ambev S.A.
ABG,Asbury Automotive Group Inc
ABM,ABM Industries Inc
ABR,Arbor Realty Trust Inc
ABR-P-D,Arbor Realty Trust Inc
ABR-P-E,Arbor Realty Trust Inc
ABR-P-F,Arbor Realty Trust Inc
ABT,Abbott Laboratories
AC,Associated Capital Group Inc - Class A
ACA,Arcosa Inc
ACCO,Acco Brands Corporation
ACEL,Accel Entertainment Inc - Class A1
ACHR,Archer Aviation Inc - Class A
ACHR-WS,Archer Aviation Inc Wt
ACI,Albertsons Companies Inc - Class A
ACM,AECOM
ACN,Accenture plc - Class A
ACP-P-A,abrdn Income Credit Strategies Fund
ACR,ACRES Commercial Realty Corp
ACR-P-C,ACRES Commercial Realty Corp
ACR-P-D,ACRES Commercial Realty Corp
ACRE,Ares Commercial Real Estate Corp
ADC,Agree Realty Corp
ADC-P-A,Agree Realty Corp
ADCT,Adc Therapeutics SA
ADM,Archer Daniels Midland Company
ADNT,Adient plc
ADT,ADT Inc
AEE,Ameren Corp
AEFC,Aegon Funding Company LLC
AEG,Aegon Ltd
AEL,American Equity Investment Life Holding Company
AEL-P-A,American Equity Investment Life Holding Company
AEL-P-B,American Equity Investment Life Holding Company
AEM,Agnico Eagle Mines Ltd
AEO,American Eagle Outfitters Inc
AER,Aercap Holdings N.V.
AES,AES Corp
AESI,Atlas Energy Solutions Inc
AEVA,Aeva Technologies Inc
AEVA-WS,Aeva Technologies Inc - Warrants (29/10/2024)
AFG,American Financial Group Inc
AFGB,American Financial Group Inc
AFGC,American Financial Group Inc
AFGD,American Financial Group Inc
AFGE,American Financial Group Inc
AFL,Aflac Inc
AG,First Majestic Silver Corporation
AGCO,AGCO Corp
AGI,Alamos Gold Inc - Class A
AGL,Agilon Health Inc
AGM,Federal Agricultural Mortgage Corp - Class C
AGM-A,Federal Agricultural Mortgage Corp - Class A
AGM-P-C,Federal Agricultural Mortgage Corp
AGM-P-D,Federal Agricultural Mortgage Corp
AGM-P-E,Federal Agricultural Mortgage Corp
AGM-P-F,Federal Agricultural Mortgage Corp
AGM-P-G,Federal Agricultural Mortgage Corp
AGO,Assured Guaranty Ltd
AGR,Avangrid Inc
AGRO,Adecoagro S.A.
AGS,PlayAGS Inc
AGTI,Agiliti Inc
AGX,Argan Inc
AHH,Armada Hoffler Properties Inc
AHH-P-A,Armada Hoffler Properties Inc
AHL-P-C,Aspen Insurance Holdings Limited 595 FixedtoFloating Rate Perpetual NonCumulative Preference Shares
AHL-P-D,Aspen Insurance Holdings Limited 5625 Perpetual NonCumulative Preference Shares
AHL-P-E,Aspen Insurance Hldgs
AHR,American Healthcare REIT Inc
AHT,Ashford Hospitality Trust Inc
AHT-P-D,Ashford Hospitality Trust Inc
AHT-P-F,Ashford Hospitality Trust Inc
AHT-P-G,Ashford Hospitality Trust Inc
AHT-P-H,Ashford Hospitality Trust Inc
AHT-P-I,Ashford Hospitality Trust Inc
AI,C3.ai Inc - Class A
AIG,American International Group Inc
AIG-P-A,American International Group Inc
AIN,Albany International Corp - Class A
AIO,Virtus Artificial Intelligence & Technology Opportunities Fund
AIR,AAR Corp
AIRC,Apartment Income REIT Corp - Class A
AIT,Applied Industrial Technologies Inc
AIU,Meta Data Ltd
AIV,Apartment Investment & Management Co. - Class A
AIZ,Assurant Inc
AIZN,Assurant Inc
AJG,Arthur J. Gallagher & Company
AJX,Great Ajax Corp
AJXA,Great Ajax Corp
AKA,a.k.a. Brands Holding Corp
AKO-A,Embotelladora Andina S.A.
AKO-B,Embotelladora Andina S.A.
AKR,Acadia Realty Trust
AL,Air Lease Corp - Class A
AL-P-A,Air Lease Corp
ALB,Albemarle Corp
ALC,Alcon Inc
ALCC,AltC Acquisition Corp - Class A
ALE,Allete Inc
ALEX,Alexander & Baldwin Inc
ALG,Alamo Group Inc
ALIT,Alight Inc - Class A
ALK,Alaska Air Group Inc
ALL,Allstate Corp (The)
ALL-P-B,Allstate Corp (The)
ALL-P-H,Allstate Corp (The)
ALL-P-I,Allstate Corp (The)
ALL-P-J,Allstate Corp (The)
ALLE,Allegion plc
ALLG,Allego NV
ALLG-WS,Allego N.V. Warrants each exercisable for one Ordinary Share at an exercise price of 11.50 per share
ALLY,Ally Financial Inc
ALSN,Allison Transmission Holdings Inc
ALTG,Alta Equipment Group Inc - Class A
ALTG-P-A,Alta Equipment Group Inc
ALTM,Arcadium Lithium PLC
ALUR,Allurion Technologies Inc
ALUR-WS,Allurion Technologies Inc - Warrants (31/07/2029)
ALV,Autoliv Inc
ALX,Alexander`s Inc
AM,Antero Midstream Corp
AMBC,AMBAC Financial Group Inc
AMBP,Ardagh Metal Packaging S.A.
AMBP-WS,Ardagh Metal Packaging S.A. Warrants each exercisable for one Share at an exercise price of 11.50 per share
AMC,AMC Entertainment Holdings Inc - Class A
AMCR,Amcor Plc
AME,Ametek Inc
AMG,Affiliated Managers Group Inc
AMH,American Homes 4 Rent - Class A
AMH-P-G,American Homes 4 Rent
AMH-P-H,American Homes 4 Rent
AMK,Assetmark Financial Holdings Inc
AMN,AMN Healthcare Services Inc
AMP,Ameriprise Financial Inc
AMPS,Altus Power Inc - Class A
AMPX,Amprius Technologies Inc
AMPX-WS,Amprius Technologies Inc - Warrants Cl 1 (01/01/9999)
AMPY,Amplify Energy Corp
AMR,Alpha Metallurgical Resources Inc
AMRC,Ameresco Inc - Class A
AMRX,Amneal Pharmaceuticals Inc - Class A
AMT,American Tower Corp
AMTB,Amerant Bancorp Inc - Class A
AMTD,AMTD IDEA Group
AMWL,American Well Corporation - Class A
AMX,America Movil S.A.B.DE C.V.
AN,Autonation Inc
ANET,Arista Networks Inc
ANF,Abercrombie & Fitch Co. - Class A
ANRO,Alto Neuroscience Inc
ANVS,Annovis Bio Inc
AOMR,Angel Oak Mortgage REIT Inc
AON,Aon plc. - Class A
AORT,Artivion Inc
AOS,A.O. Smith Corp
AP,Ampco-Pittsburgh Corp
APAM,Artisan Partners Asset Management Inc - Class A
APCA,AP Acquisition Corp - Class A
APCA-U,AP Acquisition Corp - Units (1 Ord Class A & 1/2 War)
APCA-WS,AP Acquisition Corp - Warrants (07/12/2026)
APD,Air Products & Chemicals Inc
APG,APi Group Corporation
APGB,Apollo Strategic Growth Capital II - Class A
APGB-U,Apollo Strategic Growth Capital II - Units (1 Ord Share Class A & 1/5 War)
APGB-WS,Apollo Strategic Growth Capital II - Warrants (12/02/2028)
APH,Amphenol Corp - Class A
APLE,Apple Hospitality REIT Inc
APO,Apollo Global Management Inc - Class A (New)
APO-P-A,Apollo Global Management Inc
APOS,Apollo Global Management Inc
APTV,Aptiv PLC
AQN,Algonquin Power & Utilities Corp
AQNA,Algonquin Power & Utilities Corp
AQNB,Algonquin Power & Utilities Corp
AQNU,Algonquin Power & Utilities Corp
AR,Antero Resources Corp
ARC,ARC Document Solutions Inc
ARCH,Arch Resources Inc - Class A
ARCO,Arcos Dorados Holdings Inc - Class A
ARE,Alexandria Real Estate Equities Inc
ARES,Ares Management Corp - Class A
ARGD,Argo Group US Inc
ARGO,Argo Group International Holdings Ltd
ARGO-P-A,Argo Group International Holdings Ltd
ARI,Apollo Commercial Real Estate Finance Inc
ARIS,Aris Water Solutions Inc - Class A
ARL,American Realty Investors Inc
ARLO,Arlo Technologies Inc
ARMK,Aramark
ARMK-W,Aramark WhenIssued
AROC,Archrock Inc
ARR,ARMOUR Residential REIT Inc
ARR-P-C,ARMOUR Residential REIT Inc
ARW,Arrow Electronics Inc
AS,Amer Sports Inc
ASAI,Sendas Distribuidora S.A.
ASAN,Asana Inc - Class A
ASB,Associated Banc-Corp
ASB-P-E,Associated Banc-Corp
ASB-P-F,Associated Banc-Corp
ASBA,Associated Banc-Corp
ASC,Ardmore Shipping Corp
ASGI,abrdn Global Infrastructure Income Fund
ASGN,ASGN Inc
ASH,Ashland Inc
ASIX,AdvanSix Inc
ASPN,Aspen Aerogels Inc
ASR,Grupo Aeroportuario Del Sureste S.A.
ASX,ASE Technology Holding Co.Ltd
ATCO-P-D,Atlas Corp
ATCO-P-H,Atlas Corp
ATEN,A10 Networks Inc
ATGE,Adtalem Global Education Inc
ATH-P-A,Athene Holding Ltd
ATH-P-C,Athene Holding Ltd
ATH-P-D,Athene Holding Ltd
ATH-P-E,Athene Holding Ltd
ATHM,Autohome Inc
ATI,ATI Inc
ATIP,ATI Physical Therapy Inc - Class A
ATKR,Atkore Inc
ATMU,Atmus Filtration Technologies Inc
ATO,Atmos Energy Corp
ATR,Aptargroup Inc
ATS,ATS Corporation.
ATUS,Altice USA Inc - Class A
AU,AngloGold Ashanti Plc.
AUB,Atlantic Union Bankshares Corp
AUB-P-A,Atlantic Union Bankshares Corp
AVA,Avista Corp
AVAL,Grupo Aval Acciones y Valores S.A.
AVB,Avalonbay Communities Inc
AVD,American Vanguard Corp
AVNS,Avanos Medical Inc
AVNT,Avient Corp
AVTR,Avantor Inc
AVY,Avery Dennison Corp
AWI,Armstrong World Industries Inc
AWK,American Water Works Co. Inc
AWR,American States Water Company
AX,Axos Financial Inc
AXAC-R,AXIOS Sustainable Growth Acquisition Corporation Rights to receive onetenth 110 of one Class A ordinary share
AXL,American Axle & Manufacturing Holdings Inc
AXP,American Express Company
AXR,AMREP Corp
AXS,Axis Capital Holdings Ltd
AXS-P-E,Axis Capital Holdings Ltd
AXTA,Axalta Coating Systems Ltd
AYI,Acuity Brands Inc
AYX,Alteryx Inc - Class A
AZEK,AZEK Company Inc - Class A
AZO,Autozone Inc
AZUL,Azul S.A.
AZZ,AZZ Inc
B,Barnes Group Inc
BA,Boeing Company
BABA,Alibaba Group Holding Ltd
BAC,Bank Of America Corp
BAC-P-B,Bank Of America Corp
BAC-P-E,Bank Of America Corp
BAC-P-K,Bank Of America Corp
BAC-P-L,Bank Of America Corp
BAC-P-M,Bank Of America Corp
BAC-P-N,Bank Of America Corp. PRF PERPETUAL USD Ser LL DpSh11000th
BAC-P-O,Bank Of America Corp
BAC-P-P,Bank Of America Corp
BAC-P-Q,Bank Of America Corp
BAC-P-S,Bank Of America Corp
BAH,Booz Allen Hamilton Holding Corp - Class A
BAK,Braskem S.A.
BALL,Ball Corp
BALY,Ballys Corporation
BAM,Brookfield Asset Management Ltd - Class A
BANC,Banc of California Inc
BANC-P-F,Banc of California Inc
BAP,Credicorp Ltd
BARK,BARK Inc - Class A
BARK-WS,Original BARK Co The Wt Exp 05012026
BAX,Baxter International Inc
BB,BlackBerry Ltd
BBAI,BigBear.ai Inc
BBAI-WS,BigBear.ai Inc Redeemable Warrants each exercisable for one share of Common Stock at an exercise price of 11.50 per share
BBAR,BBVA Argentina
BBD,Banco Bradesco S.A.
BBDC,Barings BDC Inc
BBDO,Banco Bradesco S.A.
BBLN,Babylon Holdings Ltd - Class A
BBU,Brookfield Business Partners L.P.
BBUC,Brookfield Business Corp - Class A - Class A (Sub Voting)
BBVA,Banco Bilbao Vizcaya Argentaria.
BBW,Build A Bear Workshop Inc
BBWI,Bath & Body Works Inc
BBY,Best Buy Co. Inc
BC,Brunswick Corp
BC/PA,Brunswick Corp
BC/PB,Brunswick Corp
BC/PC,Brunswick Corp
BCAT,BlackRock Capital Allocation Term Trust
BCC,Boise Cascade Company
BCE,BCE Inc
BCH,Banco de Chile
BCO,Brink`s Company
BCS,Barclays plc
BCSF,Bain Capital Specialty Finance Inc
BDC,Belden Inc
BDN,Brandywine Realty Trust
BDX,Becton Dickinson & Company
BE,Bloom Energy Corp - Class A
BEDU,Bright Scholar Education Holdings Ltd
BEKE,KE Holdings Inc
BEN,Franklin Resources Inc
BEP,Brookfield Renewable Partners LP
BEP-P-A,Brookfield Renewable Partners LP 525 Class A Preferred Limited Partnership Units Series 17
BEPC,Brookfield Renewable Corporation - Class A - Class A (Sub Voting)
BEPH,Brookfield BRP Holdings (Canada) Inc
BEPI,Brookfield BRP Holdings (Canada) Inc
BERY,Berry Global Group Inc
BEST,BEST Inc
BETR,Better Home & Finance Holding Company
BF-A,Brown-Forman Corp - Class A
BF-B,Brown-Forman Corp - Class B
BFAC,Battery Future Acquisition Corp - Class A
BFAC-U,Battery Future Acquisition Corp - Units (1 Ord Class A & 1/2 War)
BFAC-WS,Battery Future Acquisition Corp - Warrants (01/01/9999)
BFAM,Bright Horizons Family Solutions Inc
BFH,Bread Financial Holdings Inc
BFLY,Butterfly Network Inc - Class A
BFLY-WS,Butterfly Network Inc Wt Exp 05272025
BFS,Saul Centers Inc
BFS-P-D,Saul Centers Inc
BFS-P-E,Saul Centers Inc
BFX,BowFlex Inc
BG,Bunge Global SA
BGS,B&G Foods Inc
BGSF,BGSF Inc
BH,Biglari Holdings Inc - Class B
BH-A,Biglari Holdings Inc - Class A
BHC,Bausch Health Companies Inc
BHE,Benchmark Electronics Inc
BHIL,Benson Hill Inc
BHIL-WS,Benson Hill Inc Wt
BHLB,Berkshire Hills Bancorp Inc
BHP,BHP Group Ltd
BHR,Braemar Hotels & Resorts Inc
BHR-P-B,Braemar Hotels & Resorts Inc
BHR-P-D,Braemar Hotels & Resorts Inc
BHVN,Biohaven Ltd
BIG,Big Lots Inc
BIGZ,BlackRock Innovation and Growth Term Trust
BILL,BILL Holdings Inc
BIO,Bio-Rad Laboratories Inc - Class A
BIO-B,Bio-Rad Laboratories Inc - Class B
BIP,Brookfield Infrastructure Partners L.P
BIP-P-A,Brookfield Infrastructure Partners L.P
BIP-P-B,Brookfield Infrastructure Partners L.P
BIPC,Brookfield Infrastructure Corp - Class A (Subordinate Share)
BIPH,Brookfield Infrastructure Finance ULC
BIPI,BIP Bermuda Holdings I Ltd
BIRK,Birkenstock Holding Plc
BJ,BJ`s Wholesale Club Holdings Inc
BK,Bank Of New York Mellon Corp
BKD,Brookdale Senior Living Inc
BKDT,Brookdale Senior Living Inc
BKE,Buckle Inc
BKH,Black Hills Corporation
BKKT,Bakkt Holdings Inc - Class A
BKKT-WS,Bakkt Holdings Inc Warrant
BKSY,BlackSky Technology Inc - Class A
BKSY-WS,BlackSky Technology Inc Wt Exp 10302024
BKU,BankUnited Inc
BLCO,Bausch + Lomb Corp
BLD,TopBuild Corp
BLDR,Builders Firstsource Inc
BLK,Blackrock Inc
BLND,Blend Labs Inc - Class A
BLX,Banco Latinoamericano De Comercio Exterior SA - Class E
BMA,Banco Macro S.A.
BMAC,Black Mountain Acquisition Corp - Class A
BMAC-U,Black Mountain Acquisition Corp - Units (1 Ord Class A & 0.75 War)
BMAC-WS,Black Mountain Acquisition Corp - Warrants (15/10/2027)
BMEZ,BlackRock Health Sciences Term Trust
BMI,Badger Meter Inc
BML-P-G,Bank Of America Corp
BML-P-H,Bank Of America Corp
BML-P-J,Bank Of America Corp
BML-P-L,Bank Of America Corp
BMN,BlackRock 2037 Municipal Target Term Trust
BMO,Bank of Montreal
BMY,Bristol-Myers Squibb Company
BN,Brookfield Corporation - Class A
BN-W,Brookfield Corporation Class A Ltd WhenIssued
BNED,Barnes & Noble Education Inc
BNH,Brookfield Finance Inc
BNL,Broadstone Net Lease Inc
BNRE,Brookfield Reinsurance Ltd (Exchangeable Shares Sub Voting) - Class A
BNRE-A,Brookfield Reinsurance Ltd Class A1 Exchangeable NonVoting Shares
BNS,Bank Of Nova Scotia
BOAC,Bluescape Opportunities Acquisition Corp - Class A
BOAC-U,Bluescape Opportunities Acquisition Corp - Units (1 Ord Share Class A & 1/2 War)
BOAC-WS,Bluescape Opportunities Acquisition Corp - Warrants (01/01/9999)
BOC,Boston Omaha Corp - Class A
BODY,Beachbody Company Inc (The) - Class A
BOH,Bank of Hawaii Corp
BOH-P-A,Bank of Hawaii Corp
BOOT,Boot Barn Holdings Inc
BORR,Borr Drilling Ltd
BOWL,Bowlero Corp - Class A
BOX,Box Inc - Class A
BP,BP plc
BPT,BP Prudhoe Bay Royalty Trust
BQ,Boqii Holding Ltd
BR,Broadridge Financial Solutions Inc
BRBR,Bellring Brands Inc
BRC,Brady Corp - Class A
BRCC,BRC Inc - Class A
BRDG,Bridge Investment Group Holdings Inc - Class A
BRFS,BRF S.A.
BRK-A,Berkshire Hathaway Inc - Class A
BRK-B,Berkshire Hathaway Inc - Class B
BRO,Brown & Brown Inc
BROS,Dutch Bros Inc - Class A
BRSP,BrightSpire Capital Inc - Class A
BRT,BRT Apartments Corp
BRW,Saba Capital Income & Opportunities Fund
BRX,Brixmor Property Group Inc
BSAC,Banco Santander Chile SA
BSBR,Banco Santander (Brasil) S.A.
BSIG,BrightSphere Investment Group Inc
BSM,Black Stone Minerals L.P.
BSTZ,BlackRock Science and Technology Term Trust
BSX,Boston Scientific Corp
BTCM,BIT Mining Ltd
BTE,Baytex Energy Corp
BTI,British American Tobacco Plc
BTU,Peabody Energy Corp New
BUD,Anheuser-Busch InBev SA/NV
BUR,Burford Capital Ltd
BURL,Burlington Stores Inc
BV,BrightView Holdings Inc
BVN,Compania de Minas Buenaventura S.A.
BW,Babcock & Wilcox Enterprises Inc
BW-P-A,Babcock & Wilcox Enterprises Inc
BWA,BorgWarner Inc
BWA-W,BorgWarner Inc WhenIssued
BWNB,Babcock & Wilcox Enterprises Inc
BWSN,Babcock & Wilcox Enterprises Inc
BWXT,BWX Technologies Inc
BX,Blackstone Inc
BXC,Bluelinx Hldgs Inc
BXMT,Blackstone Mortgage Trust Inc - Class A
BXP,Boston Properties Inc
BXSL,Blackstone Secured Lending Fund.
BY,Byline Bancorp Inc
BYD,Boyd Gaming Corp
BZH,Beazer Homes USA Inc
C,Citigroup Inc
C-P-J,Citigroup Inc
C-P-K,Citigroup Inc
C-P-N,Citigroup Capital VIII 7875 Fixed rate Floating Rate trust Preferred Securities TruPS
CAAP,Corporacion America Airports S.A.
CABO,Cable One Inc
CACI,Caci International Inc
CADE,Cadence Bancorporation - Class A
CADE-P-A,Cadence Bank
CAE,Cae Inc
CAG,Conagra Brands Inc
CAH,Cardinal Health Inc
CAL,Caleres Inc
CALX,Calix Inc
CANG,Cango Inc
CAPL,CrossAmerica Partners LP
CARR,Carrier Global Corp
CARS,Cars.com
CAT,Caterpillar Inc
CATO,Cato Corp - Class A
CAVA,Cava Group Inc
CB,Chubb Ltd
CBD,Companhia Brasileira De Distribuicao. ADR ()
CBL,CBL& Associates Properties Inc - New
CBO,NYSE LISTED TEST STOCK FOR CTS AND CQS
CBRE,CBRE Group Inc - Class A
CBT,Cabot Corp
CBU,Community Bank System Inc
CBX,NYSE LISTED TEST
CBZ,Cbiz Inc
CC,Chemours Company
CCI,Crown Castle Inc
CCIA,Carlyle Credit Income Fund
CCJ,Cameco Corp
CCK,Crown Holdings Inc
CCL,Carnival Corp (Paired Stock)
CCM,Concord Medical Services
CCO,Clear Channel Outdoor Holdings Inc
CCRD,CoreCard Corporation - Class A
CCS,Century Communities Inc
CCU,Compania Cervecerias Unidas S.A.
CCV,Churchill Capital Corp V - Class A
CCV-U,Churchill Capital Corp V - Units (1 Ord Class A & 1/4 War)
CCV-WS,Churchill Capital Corp V - Warrants (29/10/2027)
CCZ,Comcast Corp
CDE,Coeur Mining Inc
CDLR,Cadeler AS
CDLR-W,Cadeler AS American Depositary Share each representing four 4 WhenIssued
CDP,COPT Defense Properties
CDR-P-B,Cedar Realty Trust Inc
CDR-P-C,Cedar Realty Trust Inc
CDRE,Cadre Holdings Inc
CE,Celanese Corp - Series A
CEIX,Consol Energy Inc
CELG-R,BristolMyers Squibb Company. Contingent Value Rt 12312030
CEPU,Central Puerto
CEQP-P,Crestwood Equity Partners LP Preferred Units representing limited partner interests
CF,CF Industries Holdings Inc
CFG,Citizens Financial Group Inc
CFG-P-D,Citizens Financial Group Inc
CFG-P-E,Citizens Financial Group Inc
CFR,Cullen Frost Bankers Inc
CFR-P-B,Cullen Frost Bankers Inc
CGA,China Green Agriculture Inc
CGAU,Vitalist Inc
CHCT,Community Healthcare Trust Inc
CHD,Church & Dwight Co. Inc
CHE,Chemed Corp
CHGG,Chegg Inc
CHH,Choice Hotels International Inc
CHMI,Cherry Hill Mortgage Investment Corporation
CHMI-P-A,Cherry Hill Mortgage Investment Corporation
CHMI-P-B,Cherry Hill Mortgage Investment Corporation
CHPT,ChargePoint Holdings Inc - Class A
CHT,Chunghwa Telecom
CHWY,Chewy Inc - Class A
CI,Cigna Group (The)
CIA,Citizens Inc - Class A
CIB,Bancolombia S.A.
CIEN,CIENA Corp
CIG,Cia Energetica DE Minas Gerais - Cemig
CIG-C,Cia Energetica DE Minas Gerais - Cemig
CIM,Chimera Investment Corp
CIM-P-A,Chimera Investment Corp
CIM-P-B,Chimera Investment Corp
CIM-P-C,Chimera Investment Corp
CIM-P-D,Chimera Investment Corp
CINT,CI&T Inc Class A
CIO,City Office REIT Inc
CIO-P-A,City Office REIT Inc
CION,CION Invt Corp
CIVI,Civitas Resources Inc New
CL,Colgate-Palmolive Company
CLB,Core Laboratories Inc
CLBR,Colombier Acquisition Corp II - Class A
CLBR-U,Colombier Acquisition Corp Units each consisting of one share of Class A common stock and onethird of one redeemable warrant
CLBR-WS,Colombier Acquisition Corp II - Warrants (31/12/2028)
CLCO,Cool Company Ltd
CLDT,Chatham Lodging Trust
CLDT-P-A,Chatham Lodging Trust
CLF,Cleveland-Cliffs Inc
CLH,Clean Harbors Inc
CLPR,Clipper Realty Inc
CLS,Celestica Inc
CLVT,Clarivate Plc
CLVT-P-A,Clarivate Plc
CLW,Clearwater Paper Corp
CLX,Clorox Company
CM,Canadian Imperial Bank Of Commerce
CMA,Comerica Inc
CMC,Commercial Metals Company
CMCM,Cheetah Mobile Inc
CMG,Chipotle Mexican Grill
CMI,Cummins Inc
CMP,Compass Minerals International Inc
CMRE,Costamare Inc
CMRE-P-B,Costamare Inc
CMRE-P-C,Costamare Inc
CMRE-P-D,Costamare Inc
CMRE-P-E,Costamare Inc
CMS,CMS Energy Corporation
CMS-P-B,Consumers Energy Company
CMS-P-C,CMS Energy Corporation
CMSA,CMS Energy Corporation
CMSC,CMS Energy Corporation
CMSD,CMS Energy Corporation
CMTG,Claros Mortgage Trust Inc
CNA,CNA Financial Corp
CNC,Centene Corp
CNDA,Concord Acquisition Corp II - Class A
CNDA-U,Concord Acquisition Corp II - Units (1 Ord Share Class A & 1/3 War)
CNDA-WS,Concord Acquisition Corp II - Warrants(01/01/9999)
CNDB,Concord Acquisition Corp III - Class A
CNDB-U,Concord Acquisition Corp III - Units (1 Ord Share Class A & 1/2 War)
CNDB-WS,Concord Acquisition Corp III - Warrants (01/01/9999)
CNF,CNFinance Holdings Ltd
CNHI,CNH Industrial NV
CNI,Canadian National Railway Company
CNK,Cinemark Holdings Inc
CNM,Core & Main Inc Class A
CNMD,Conmed Corp
CNNE,Cannae Holdings Inc
CNO,CNO Financial Group Inc
CNO-P-A,CNO Financial Group Inc
CNP,Centerpoint Energy Inc
CNQ,Canadian Natural Resources Ltd
CNS,Cohen & Steers Inc
CNX,CNX Resources Corp
CODI,Compass Diversified Holdings
CODI-P-A,Compass Diversified Holdings 7250 Series A Preferred Shares representing beneficial interest in
CODI-P-B,Compass Diversified Holdings
CODI-P-C,Compass Diversified Holdings 7.875 PRF PERPETUAL USD 25 Ser C
COF,Capital One Financial Corp
COF-P-I,Capital One Financial Corp
COF-P-J,Capital One Financial Corp
COF-P-K,Capital One Financial Corp
COF-P-L,Capital One Financial Corp
COF-P-N,Capital One Financial Corp
COHR,Coherent Corp
COLD,Americold Realty Trust Inc
COMP,Compass Inc - Class A
COOK,Traeger Inc
COP,Conoco Phillips
COR,Cencora Inc
COTY,Coty Inc - Class A
COUR,Coursera Inc
CP,Canadian Pacific Kansas City Ltd
CPA,Copa Holdings S.A. - Class A
CPAC,Cementos Pacasmayo S.A.A.
CPB,Campbell Soup Company
CPE,Callon Petroleum Company
CPF,Central Pacific Financial Corp
CPG,Crescent Point Energy Corp
CPK,Chesapeake Utilities Corp
CPNG,Coupang Inc - Class A
CPRI,Capri Holdings Ltd
CPS,Cooper-Standard Holdings Inc
CPT,Camden Property Trust
CPTK,Crown PropTech Acquisitions - Class A
CPTK-U,Crown PropTech Acquisitions - Units (1 Ord Share Class A & 1/3 War)
CR,Crane Company
CR-W,Crane Company When Issued
CRBG,Corebridge Financial Inc
CRC,California Resources Corporation - New
CRD-A,Crawford & Co. - Class A
CRD-B,Crawford & Co. - Class B
CRGY,Crescent Energy Co. - Class A
CRH,CRH Plc
CRHC-U,Cohn Robbins Holdings Corp Units each consisting of one Class A ordinary share and onethird of one redeemable warrant
CRI,Carters Inc
CRK,Comstock Resources Inc
CRL,Charles River Laboratories International Inc
CRM,Salesforce Inc
CRS,Carpenter Technology Corp
CRT,Cross Timbers Royalty Trust
CSAN,Cosan S.A
CSL,Carlisle Companies Inc
CSR,Centerspace
CSR-P-C,Centerspace
CSTA,Constellation Acquisition Corp I Class A
CSTA-U,Constellation Acquisition Corp I Units each consisting of one Class A ordinary share and onethird of one redeemable warrant
CSTA-WS,Constellation Acquisition Corp I Redeemable warrants each whole warrant exercisable for one Class A ordinary share at an exercise price of 11.50
CSTM,Constellium SE - Class A
CSV,Carriage Services Inc
CTA-P-A,EIDP Inc
CTA-P-B,EIDP Inc
CTBB,Qwest Corporation
CTDD,Qwest Corporation
CTEST,
CTLT,Catalent Inc
CTO,CTO Realty Growth Inc - New - New
CTO-P-A,CTO Realty Growth Inc
CTOS,Custom Truck One Source Inc
CTOS-WS,Custom Truck One Source Inc - Warrants (01/01/2025)
CTRA,Coterra Energy Inc
CTRE,CareTrust REIT Inc
CTS,CTS Corp
CTV,Innovid Corp
CTV-WS,Innovid Corp - Warrants (17/02/2028)
CTVA,Corteva Inc
CUBB,Customers Bancorp Inc
CUBE,CubeSmart
CUBI,Customers Bancorp Inc
CUBI-P-E,Customers Bancorp Inc FixedtoFloating Rate NonCumulative Perpetual Preferred Stock Series E
CUBI-P-F,Customers Bancorp Inc
CUK,Carnival plc
CULP,Culp Inc
CURO,CURO Group Holdings Corp
CURV,Torrid Holdings Inc
CUZ,Cousins Properties Inc
CVE,Cenovus Energy Inc
CVE-WS,Cenovus Energy Inc - Warrants (01/01/2026)
CVEO,Civeo Corp
CVI,CVR Energy Inc
CVII,Churchill Capital Corp VII - Class A
CVIIU,Churchill Capital Corp VII - Units (1 Ord Share Class A & 1/5 War)
CVIIW,Churchill Capital Corp VII - Warrants (08/02/2029)
CVNA,Carvana Co. - Class A
CVS,CVS Health Corp
CVU,CPI Aerostructures Inc
CVX,Chevron Corp
CW,Curtiss-Wright Corp
CWAN,Clearwater Analytics Holdings Inc Class A
CWEN,Clearway Energy Inc - Class C
CWEN-A,Clearway Energy Inc - Class A
CWH,Camping World Holdings Inc - Class A
CWK,Cushman & Wakefield plc
CWT,California Water Service Group
CX,Cemex S.A.B. De C.V.
CXM,Sprinklr Inc Class A
CXT,Crane NXT Company
CXT-W,Crane NXT Co. ExDistribution WhenIssued
CXW,CoreCivic Inc
CYD,China Yuchai International
CYH,Community Health Systems Inc
CZOO,Cazoo Group Ltd - Class A
D,Dominion Energy Inc
DAC,Danaos Corporation
DAL,Delta Air Lines Inc
DAN,Dana Inc
DAO,Youdao Inc
DAR,Darling Ingredients Inc
DAVA,Endava plc
DAY,Ceridian HCM Holding Inc
DB,Deutsche Bank AG
DBI,Designer Brands Inc - Class A
DBRG,DigitalBridge Group Inc - Class A
DBRG-P-H,DigitalBridge Group Inc 7.125 Cum Red Perp Pfd Ser H
DBRG-P-I,DigitalBridge Group Inc 7.15 Cum Red Perp Pfd Ser I
DBRG-P-J,DigitalBridge Group Inc 7.125 Cum Red Perp Pfd Ser J
DCI,Donaldson Co. Inc
DCO,Ducommun Inc
DD,DuPont de Nemours Inc
DDC,Dominion Diamond Corp
DDD,3D Systems Corp
DDL,Dingdong (Cayman) Ltd
DDS,Dillard`s Inc - Class A
DDT,Dillards Capital Trust I
DE,Deere & Company
DEA,Easterly Government Properties Inc
DEC,
DECK,Deckers Outdoor Corp
DEI,Douglas Emmett Inc
DELL,Dell Technologies Inc - Class C
DEO,Diageo plc
DESP,Despegar.com Corp
DFH,Dream Finders Homes Inc - Class A
DFIN,Donnelley Financial Solutions Inc
DFS,Discover Financial Services
DG,Dollar General Corp
DGX,Quest Diagnostics Inc
DHI,D.R. Horton Inc
DHR,Danaher Corp
DHT,DHT Holdings Inc
DHX,DHI Group Inc
DIN,Dine Brands Global Inc
DINO,HF Sinclair Corp
DIS,Walt Disney Co (The)
DK,Delek US Holdings Inc
DKL,Delek Logistics Partners LP
DKS,Dicks Sporting Goods Inc
DLB,Dolby Laboratories Inc - Class A
DLNG,Dynagas LNG Partners LP
DLNG-P-A,Dynagas LNG Partners LP 900 Series A Cumulative Redeemable Preferred Units
DLNG-P-B,Dynagas LNG Partners LP Pfd Unit Ser B FixedFltg
DLR,Digital Realty Trust Inc
DLR-P-J,Digital Realty Trust Inc
DLR-P-K,Digital Realty Trust Inc
DLR-P-L,Digital Realty Trust Inc
DLX,Deluxe Corp
DLY,DoubleLine Yield Opportunities Fund
DM,Desktop Metal Inc - Class A
DMA,Destra Multi-Alternative Fund
DNA,Ginkgo Bioworks Holdings Inc - Class A
DNA-WS,Ginkgo Bioworks Holdings Inc - Warrants (23/02/2026)
DNB,Dun & Bradstreet Holdings Inc
DNMR,Danimer Scientific Inc - Class A
DNOW,NOW Inc
DO,Diamond Offshore Drilling Inc
DOCN,DigitalOcean Holdings Inc
DOCS,Doximity Inc - Class A
DOLE,Dole plc
DOMA,Doma Holdings Inc - New
DOOR,Masonite International Corp
DOUG,Douglas Elliman Inc
DOV,Dover Corp
DOW,Dow Inc
DPZ,Dominos Pizza Inc
DQ,Daqo New Energy Corp
DRD,DRDGold Ltd
DRH,Diamondrock Hospitality Company
DRH-P-A,Diamondrock Hospitality Company
DRI,Darden Restaurants Inc
DRQ,Dril-Quip Inc
DSAQ,Direct Selling Acquisition Corp - Class A
DSAQ-U,Direct Selling Acquisition Corp Units each consisting of one share of Class A common stock and onehalf of redeemable warrant
DSX,Diana Shipping Inc
DSX-P-B,Diana Shipping Inc Perpetual Preferred Shares Series B Marshall Islands
DSX-WS,Diana Shipping Inc - Warrants (14/12/2026)
DT,Dynatrace Inc
DTB,DTE Energy Company
DTC,Solo Brands Inc - Class A
DTE,DTE Energy Company
DTG,DTE Energy Company
DTM,DT Midstream Inc
DTW,DTE Energy Company
DUK,Duke Energy Corp
DUK-P-A,Duke Energy Corp
DUKB,Duke Energy Corp
DV,DoubleVerify Holdings Inc
DVA,DaVita Inc
DVN,Devon Energy Corp
DX,Dynex Capital Inc
DX-P-C,Dynex Capital Inc
DXC,DXC Technology Company
DY,Dycom Industries Inc
E,Eni Spa
EAF,GrafTech International Ltd
EAI,Entergy Arkansas LLC
EARN,Ellington Residential Mortgage REIT
EAT,Brinker International Inc
EB,Eventbrite Inc - Class A
EBF,Ennis Inc
EBR,Centrais Eletricas Brasileiras S.A.
EBR-B,Centrais Eletricas Brasileiras S.A.
EBS,Emergent Biosolutions Inc
EC,Ecopetrol SA
ECAT,BlackRock ESG Capital Allocation Term Trust
ECC-P-D,Eagle Point Credit Company Inc
ECCC,Eagle Point Credit Company Inc
ECCV,Eagle Point Credit Company Inc
ECCW,Eagle Point Credit Company Inc
ECCX,Eagle Point Credit Company Inc
ECL,Ecolab Inc
ECO,ECHO BAY MINES LTD
ECVT,Ecovyst Inc
ED,Consolidated Edison Inc
EDN,Empresa Distribuidora y Comercial Norte S.A.
EDR,Endeavor Group Holdings Inc - Class A
EDU,New Oriental Education & Technology Group Inc
EE,Excelerate Energy Inc - Class A
EEX,Emerald Holding Inc
EFC,Ellington Financial Inc
EFC-P-A,Ellington Financial Inc
EFC-P-B,Ellington Financial Inc
EFC-P-C,Ellington Financial Inc
EFC-P-D,Ellington Financial Inc
EFC-P-E,Ellington Financial Inc
EFX,Equifax Inc
EFXT,Enerflex Ltd
EG,Everest Group Ltd
EGLE,Eagle Bulk Shipping Inc
EGO,Eldorado Gold Corp
EGP,Eastgroup Properties Inc
EGY,VAALCO Energy Inc
EHAB,Enhabit Inc
EHC,Encompass Health Corp
EIC,Eagle Point Income Company Inc
EICA,Eagle Point Income Company Inc
EICB,Eagle Point Income Company Inc
EIG,Employers Holdings Inc
EIX,Edison International
EL,Estee Lauder Cos. Inc - Class A
ELAN,Elanco Animal Health Inc
ELC,Entergy Louisiana LLC
ELF,e.l.f. Beauty Inc
ELME,Elme Communities
ELP,Cia Paranaense De Energia Copel
ELPC,Cia Paranaense De Energia Copel ADR (Representing )
ELS,Equity Lifestyle Properties Inc
ELV,Elevance Health Inc
EME,Emcor Group Inc
EMN,Eastman Chemical Company
EMP,Entergy Utility Enterprises Inc
EMR,Emerson Electric Company
ENB,Enbridge Inc
ENFN,Enfusion Inc - Class A
ENIC,Enel Chile S.A.
ENJ,Entergy New Orleans Inc
ENLC,Enlink Midstream LLC
ENO,Entergy New Orleans Inc
ENOV,Enovis Corp
ENR,Energizer Holdings Inc
ENS,Enersys
ENV,Envestnet Inc
ENVA,Enova International Inc
ENZ,Enzo Biochem Inc
EOCW,Elliott Opportunity II Corp - Class A
EOG,EOG Resources Inc
EP-P-C,El Paso Corporation Preferred Stock
EPAC,Enerpac Tool Group Corp - Class A
EPAM,EPAM Systems Inc
EPC,Edgewell Personal Care Company
EPD,Enterprise Products Partners L P
EPR,EPR Properties
EPR-P-C,EPR Properties
EPR-P-E,EPR Properties
EPR-P-G,EPR Properties
EPRT,Essential Properties Realty Trust Inc
EQBK,Equity Bancshares Inc - Class A
EQC,Equity Commonwealth
EQC-P-D,Equity Commonwealth
EQH,Equitable Holdings Inc
EQH-P-A,Equitable Holdings Inc
EQH-P-C,Equitable Holdings Inc
EQNR,Equinor ASA
EQR,Equity Residential Properties Trust
EQS,Equus Total Return Inc
EQT,EQT Corp
ERF,Enerplus Corporation
ERJ,Embraer S.A.
ERO,Ero Copper Corp
ES,Eversource Energy
ESAB,ESAB Corp
ESE,Esco Technologies Inc
ESI,Element Solutions Inc
ESNT,Essent Group Ltd
ESRT,Empire State Realty Trust Inc - Class A
ESS,Essex Property Trust Inc
ESTC,Elastic N.V
ET,Energy Transfer LP
ET-P-E,Energy Transfer LP
ET-P-I,Energy Transfer LP
ETD,Ethan Allen Interiors Inc
ETI-P,Entergy Texas Inc
ETN,Eaton Corporation plc
ETR,Entergy Corp
ETRN,Equitrans Midstream Corporation
ETWO,E2open Parent Holdings Inc - Class A
ETWO-WS,E2open Parent Holdings Inc - Warrants (04/02/2026)
EURN,Euronav NV
EVA,Enviva Inc
EVC,Entravision Communications Corp - Class A
EVEX,Eve Holding Inc
EVEX-WS,Eve Holding Inc Warrants each exercisable for one share of Common Stock at an exercise price of 11.50 per share
EVH,Evolent Health Inc - Class A
EVR,Evercore Inc - Class A
EVRI,Everi Holdings Inc
EVTC,Evertec Inc
EVTL,Vertical Aerospace Ltd
EVTL-WS,Vertical Aerospace Ltd Warrants each whole warrant exercisable for one ordinary share at an exercise price of 11.50 per share
EW,Edwards Lifesciences Corp
EXK,Endeavour Silver Corp
EXP,Eagle Materials Inc
EXPR,Express Inc
EXR,Extra Space Storage Inc
EXTO,Almacenes Exito S.A.
EXTO-W,Almacenes Exito S.A. American Depositary Share each representing eight 8 WhenIssued
F,Ford Motor Company
F-P-B,Ford Motor Company 620 Notes due June 1 2059
F-P-C,Ford Motor Company 6% Note
F-P-D,Ford Motor Company 6.500 Notes due August 15 2062
FAF,First American Financial Corp
FATH,Fathom Digital Manufacturing Corporation - Class A
FBIN,Fortune Brands Innovations Inc
FBK,FB Financial Corp
FBP,First Bancorp PR
FBRT,Franklin BSP Realty Trust Inc
FBRT-P-E,Franklin BSP Realty Trust Inc
FC,Franklin Covey Company
FCF,First Commonwealth Financial Corp
FCN,FTI Consulting Inc
FCPT,Four Corners Property Trust Inc
FCRX,Crescent Capital BDC Inc
FCX,Freeport-McMoRan Inc
FDP,Fresh Del Monte Produce Inc
FDS,Factset Research Systems Inc
FDX,Fedex Corp
FE,Firstenergy Corp
FEDU,Four Seasons Education (Cayman) Inc
FENG,Phoenix New Media Ltd
FERG,Ferguson Plc.
FET,Forum Energy Technologies Inc
FF,Futurefuel Corp
FFWM,First Foundation Inc
FG,F&G Annuities & Life Inc
FG-W,F&G Annuities & Life Inc WhenIssued
FGN,F&G Annuities & Life Inc
FHI,Federated Hermes Inc - Class B
FHN,First Horizon Corporation
FHN-P-B,First Horizon Corporation
FHN-P-C,First Horizon Corporation
FHN-P-D,First Horizon Corporation
FHN-P-E,First Horizon Corporation
FHN-P-F,First Horizon Corporation
FI,Fiserv Inc
FICO,Fair Isaac Corp
FIGS,Figs Inc - Class A
FIHL,Fidelis Insurance Holdings Ltd
FINS,Angel Oak Financial Strategies Income Term Trust
FINV,FinVolution Group
FIS,Fidelity National Information Services Inc
FIX,Comfort Systems USA Inc
FL,Foot Locker Inc
FLAG-WS,First Light Acquisition Group Inc Redeemable Warrants each whole warrant exercisable for one share of Class A common stock at an exercise price of 11.50 per s
FLNG,Flex Lng Ltd
FLO,Flowers Foods Inc
FLR,Fluor Corporation
FLS,Flowserve Corp
FLT,Fleetcor Technologies Inc
FLYX,flyExclusive Inc - Class A
FMC,FMC Corp
FMS,Fresenius Medical Care AG & Co. KGaA
FMX,Fomento Economico Mexicano S.A.B. de C.V.
FN,Fabrinet
FNA,Paragon 28 Inc
FNB,F.N.B. Corp
FND,Floor & Decor Holdings Inc - Class A
FNF,Fidelity National Financial Inc
FNV,Franco-Nevada Corporation
FOA,Finance of America Companies Inc
FOA-WS,Finance of America Companies Inc - Warrants (08/04/2026)
FOR,Forestar Group Inc New
FOUR,Shift4 Payments Inc - Class A
FPH,Five Point Holdings LLC - Class A
FPI,Farmland Partners Inc
FR,First Industrial Realty Trust Inc
FREY,FREYR Battery Inc
FREY-WS,FREYR Battery Warrants each whole warrant exercisable to purchase one Ordinary Share at an exercise price of 11.50 per share
FRGE,Forge Global Holdings Inc - Class A
FRO,Frontline Plc
FRT,Federal Realty Investment Trust.
FRT-P-C,Federal Realty Investment Trust.
FSCO,FS Credit Opportunities Corp
FSK,FS KKR Capital Corp
FSLY,Fastly Inc - Class A
FSM,Fortuna Silver Mines Inc
FSNB,Fusion Acquisition Corp II - Class A
FSNB-U,Fusion Acquisition Corp II - Units (1 Ord Share Class A & 1/3 War)
FSR,Fisker Inc - Class A
FSS,Federal Signal Corp
FTHY,First Trust High Yield Opportunities 2027 Term Fund
FTI,TechnipFMC plc
FTK,Flotek Industries Inc
FTS,Fortis Inc
FTV,Fortive Corp
FUBO,fuboTV Inc
FUL,H.B. Fuller Company
FUN,Cedar Fair L.P.
FVRR,Fiverr International Ltd
G,Genpact Ltd
GAB-P-G,Gabelli Equity Trust Inc
GAB-P-H,Gabelli Equity Trust Inc
GAB-P-K,Gabelli Equity Trust Inc
GAM-P-B,General American Investors Co. Inc
GAQ,Generation Asia I Acquisition Ltd - Class A
GAQ-U,Generation Asia I Acquisition Ltd - Units (1 Ord Class A & 1/2 War)
GAQ-WS,Generation Asia I Acquisition Ltd - Warrants (01/01/9999)
GATO,Gatos Silver Inc
GATX,GATX Corp
GB,Global Blue Group Holding AG
GB-WS,Global Blue Group Holding AG - Warrants (28/08/2025)
GBCI,Glacier Bancorp Inc
GBLI,Global Indemnity Group LLC - Class A
GBTG,Global Business Travel Group Inc - Class A
GBX,Greenbrier Cos. Inc
GCI,Gannett Co Inc
GCO,Genesco Inc
GD,General Dynamics Corp
GDDY,Godaddy Inc - Class A
GDL-P-C,GDL Fund
GDOT,Green Dot Corp - Class A
GDV-P-H,Gabelli Dividend & Income Trust
GDV-P-K,Gabelli Dividend & Income Trust
GE,General Electric Company
GEF,Greif Inc - Class A
GEF-B,Greif Inc - Class B
GEL,Genesis Energy L.P.
GENI,Genius Sports Ltd
GEO,Geo Group Inc
GES,Guess Inc
GETR,Getaround Inc - Class A
GETR-WS,Getaround Inc Warrants each whole warrant exercisable for one share of Common Stock at an exercise price of 11.50 per share
GETY,Getty Images Holdings Inc - Class A
GFF,Griffon Corp
GFI,Gold Fields Ltd
GFL,GFL Environmental Inc (Sub Voting)
GFR,Greenfire Resources Ltd
GGB,Gerdau S.A.
GGG,Graco Inc
GGT-P-E,Gabelli Multimedia Trust Inc
GGT-P-G,Gabelli Multimedia Trust Inc
GHC,Graham Holdings Co. - Class B
GHG,GreenTree Hospitality Group Ltd
GHI,Greystone Housing Impact Investors LP
GHLD,Guild Holdings Co - Class A
GHM,Graham Corp
GIB,CGI Inc - Class A
GIC,Global Industrial Company
GIL,Gildan Activewear Inc
GIS,General Mills Inc
GJH,Synthetic FixedIncome Securities Inc 6375 STRATS Cl A1
GJO,Synthetic FixedIncome Securities Inc Synthetic FixedIncome Securities Inc on behalf of STRATSSM Trust for WalMart Stores Inc Securities Series 2004
GJP,Synthetic FixedIncome Securities Inc Synthetic FixedIncome Securities Inc on behalf of STRATS SM Trust for Dominion Resources Inc Securities Series 2
GJR,Synthetic FixedIncome Securities Inc STRATS Trust for ProcterGamble Securities Series 20061
GJS,Synthetic Fixed-Income Securities Inc
GJT,Synthetic FixedIncome Securities Inc Synthetic FixedIncome Securities Inc Floating Rate Structured Repackaged AssetBacked Trust Securities Certificates
GKOS,Glaukos Corporation
GL,Globe Life Inc
GL-P-D,Globe Life Inc
GLOB,Globant S.A.
GLOG-P-A,GasLog Ltd
GLOP-P-A,Gaslog Partners LP
GLOP-P-B,Gaslog Partners LP
GLOP-P-C,Gaslog Partners LP
GLP,Global Partners LP
GLP-P-A,Global Partners LP 975 Series A FixedtoFloating Rate Cumulative Redeemable Perpetual Preferred Units representing limited partner interests
GLP-P-B,Global Partners LP
GLT,Glatfelter Corporation
GLW,Corning Inc
GM,General Motors Company
GME,Gamestop Corporation - Class A
GMED,Globus Medical Inc - Class A
GMRE,Global Medical REIT Inc
GMRE-P-A,Global Medical REIT Inc
GMS,GMS Inc
GNE,Genie Energy Ltd - Class B
GNK,Genco Shipping & Trading Ltd
GNL,Global Net Lease Inc
GNL-P-A,Global Net Lease Inc
GNL-P-B,Global Net Lease Inc
GNL-P-D,Global Net Lease Inc
GNL-P-E,Global Net Lease Inc
GNRC,Generac Holdings Inc
GNT-P-A,GAMCO Natural Resources Gold & Income Trust
GNTY,Guaranty Bancshares Inc (TX)
GNW,Genworth Financial Inc - Class A
GOLD,Barrick Gold Corp
GOLF,Acushnet Holdings Corp
GOLLQ,Gol Linhas Aereas Inteligentes S.A.
GOOS,Canada Goose Holdings Inc (Subord Vot Shs)
GOTU,Gaotu Techedu Inc
GPC,Genuine Parts Company
GPI,Group 1 Automotive Inc
GPJA,Georgia Power Company
GPK,Graphic Packaging Holding Company
GPMT,Granite Point Mortgage Trust Inc
GPMT-P-A,Granite Point Mortgage Trust Inc
GPN,Global Payments Inc
GPOR,Gulfport Energy Corp (New)
GPRK,Geopark Ltd
GPS,Gap Inc
GRBK,Green Brick Partners Inc
GRBK-P-A,Green Brick Partners Inc
GRC,Gorman-Rupp Company
GRMN,Garmin Ltd
GRND,Grindr Inc - Class A
GRND-WS,Grindr Inc Warrants each exercisable for one share of Common Stock at an exercise price of 11.50 per share
GRNT,Granite Ridge Resources Inc - Class A
GRNT-WS,Granite Ridge Resources Inc Warrants to purchase Common Stock each whole warrant exercisable for one share of common stock at an exercise price of 11.50 per s
GROV,Grove Collaborative Holdings Inc - Class A
GRP-U,Granite Real Estate Investment Trust - Units
GS,Goldman Sachs Group Inc
GS-P-A,Goldman Sachs Group Inc
GS-P-C,Goldman Sachs Group Inc
GS-P-D,Goldman Sachs Group Inc
GS-P-K,Goldman Sachs Group Inc
GSBD,Goldman Sachs BDC Inc
GSK,GSK Plc
GSL,Global Ship Lease Inc - Class A
GSL-P-B,Global Ship Lease Inc
GTES,Gates Industrial Corporation plc
GTLS,Chart Industries Inc
GTLS-P-B,Chart Industries Inc
GTN,Gray Television Inc
GTN-A,Gray Television Inc - Class A
GTY,Getty Realty Corp
GUG,Guggenheim Active Allocation Fund
GUT-P-C,Gabelli Utility Trust
GVA,Granite Construction Inc
GWH,ESS Tech Inc
GWH-WS,ESS Tech Inc Warrant
GWRE,Guidewire Software Inc
GWW,W.W. Grainger Inc
GXO,GXO Logistics Inc
H,Hyatt Hotels Corporation - Class A
HAE,Haemonetics Corp
HAL,Halliburton Company
HASI,Hannon Armstrong Sustainable Infrastructure capital Inc
HAYW,Hayward Holdings Inc
HBB,Hamilton Beach Brands Holding Co - Class A
HBI,Hanesbrands Inc
HBM,Hudbay Minerals Inc
HCA,HCA Healthcare Inc
HCC,Warrior Met Coal Inc
HCI,HCI Group Inc
HCXY,Hercules Capital Inc
HD,Home Depot Inc
HDB,HDFC Bank Ltd
HE,Hawaiian Electric Industries Inc
HEI,Heico Corp
HEI-A,Heico Corp - Class A
HES,Hess Corporation
HESM,Hess Midstream LP - Class A
HFRO-P-A,Highland Opportunities and Income Fund
HG,Hamilton Insurance Group Ltd - Class B
HGLB,Highland Global Allocation Fund
HGTY,Hagerty Inc - Class A
HGTY-WS,Hagerty Inc Wt Exp
HGV,Hilton Grand Vacations Inc
HHH,Howard Hughes Corporation
HI,Hillenbrand Inc
HIG,Hartford Financial Services Group Inc
HIG-P-G,Hartford Financial Services Group Inc
HII,Huntington Ingalls Industries Inc
HIMS,Hims & Hers Health Inc - Class A
HIPO,Hippo Holdings Inc
HIPO-WS,Hippo Holdings Inc - Warrants (16/09/2025)
HIW,Highwoods Properties Inc
HKD,AMTD Digital Inc
HL,Hecla Mining Company
HL-P-B,Hecla Mining Company
HLF,Herbalife Ltd
HLI,Houlihan Lokey Inc - Class A
HLIO,Helios Technologies Inc
HLLY,Holley Inc - Class A
HLLY-WS,Holley Inc Warrants
HLN,Haleon plc
HLT,Hilton Worldwide Holdings Inc
HLX,Helix Energy Solutions Group Inc
HMC,Honda Motor
HMN,Horace Mann Educators Corp
HMY,Harmony Gold Mining Co Ltd
HNI,HNI Corp
HOG,Harley-Davidson Inc
HOMB,Home Bancshares Inc
HOUS,Anywhere Real Estate Inc
HOV,Hovnanian Enterprises Inc - Class A
HP,Helmerich & Payne Inc
HPE,Hewlett Packard Enterprise Company
HPP,Hudson Pacific Properties Inc
HPP-P-C,Hudson Pacific Properties Inc
HPQ,HP Inc
HR,Healthcare Realty Trust Inc
HRB,H&R Block Inc
HRI,Herc Holdings Inc
HRL,Hormel Foods Corp
HRT,HireRight Holdings Corp
HRTG,Heritage Insurance Holdings Inc
HSBC,HSBC Holdings plc
HSHP,Himalaya Shipping Ltd
HSY,Hershey Company
HT,Hersha Hospitality Trust - Class A
HT-P-C,Hersha Hospitality Trust
HT-P-D,Hersha Hospitality Trust
HT-P-E,Hersha Hospitality Trust
HTFB,Horizon Technology Finance Corp
HTFC,Horizon Technology Finance Corp
HTGC,Hercules Capital Inc
HTH,Hilltop Holdings Inc
HTPA-U,Highland Transcend Partners I Corp Units each consisting of one Class A ordinary share and onethird of one redeemable warrant
HUBB,Hubbell Inc
HUBS,HubSpot Inc
HUM,Humana Inc
HUN,Huntsman Corp
HUYA,HUYA Inc
HVT,Haverty Furniture Cos. Inc
HVT-A,Haverty Furniture Cos. Inc - Class A
HWM,Howmet Aerospace Inc
HXL,Hexcel Corp
HY,Hyster-Yale Materials Handling Inc - Class A
HYAC,Haymaker Acquisition Corp 4 - Class A
HYAC-U,Haymaker Acquisition Corp 4 - Units (1 Ord Class A & 1/2 War)
HYAC-WS,Haymaker Acquisition Corp 4 Warrants each whole warrant exercisable for one Class A ordinary share at an exercise price of 11.50 per share
HYLN,Hyliion Holdings Corporation - Class A
HZO,Marinemax Inc
HZON-WS,Horizon Acquisition Corporation II Warrants each whole warrant exercisable for one Class A ordinary share at an exercise price of 11.50
IAG,Iamgold Corp
IBM,International Business Machines Corp
IBN,ICICI Bank Ltd
IBP,Installed Building Products Inc
ICD,Independence Contract Drilling Inc
ICE,Intercontinental Exchange Inc
ICL,ICL Group Ltd
ICNC-U,Iconic Sports Acquisition Corp Units
ICR-P-A,InPoint Commercial Real Estate Income Inc
IDA,Idacorp Inc
IDT,IDT Corp - Class B
IEX,Idex Corporation
IFF,International Flavors & Fragrances Inc
IFIN,Infint Acquisition Corp - Class A
IFIN-U,Infint Acquisition Corp - Units (1 Ord Class A & 1/2 War)
IFIN-WS,Infint Acquisition Corp - Warrants (01/01/9999)
IFS,Intercorp Financial Services Inc
IGR-R,CBRE Global Real Estate Income Fund Rights expiring April 6 2023 Rights
IGR-R-W,CBRE Global Real Estate Income Fund Rights expiring April 6 2023 Rights when issued
IGT,International Game Technology PLC
IH,iHuman Inc
IHG,Intercontinental Hotels Group
IHS,IHS Holding Ltd
IIIN,Insteel Industries Inc
IIPR,Innovative Industrial Properties Inc
IIPR-P-A,Innovative Industrial Properties Inc
IMAX,Imax Corp
INFA,Informatica Inc - Class A
INFY,Infosys Ltd
ING,ING Groep N.V.
INGR,Ingredion Inc
INN,Summit Hotel Properties Inc
INN-P-E,Summit Hotel Properties Inc
INN-P-F,Summit Hotel Properties Inc
INSP,Inspire Medical Systems Inc
INST,Instructure Holdings Inc
INSW,International Seaways Inc
INVH,Invitation Homes Inc
IONQ,IonQ Inc
IONQ-WS,IonQ Inc Wt
IOT,Samsara Inc - Class A
IP,International Paper Company
IPG,Interpublic Group Of Cos. Inc
IPI,Intrepid Potash Inc
IQV,IQVIA Holdings Inc
IR,Ingersoll-Rand Inc
IRM,Iron Mountain Inc
IROHU,Iron Horse Acquisitions Corp - Units (1 Ord & 1 War)
IRRX,Integrated Rail and Resources Acquisition Corp - Class A
IRRX-U,Integrated Rail and Resources Acquisition Corp - Units (1 Ord Share Class A & 1/2 War)
IRRX-WS,Integrated Rail and Resources Acquisition Corp - Warrants (01/01/9999)
IRS,Irsa Inversiones Y Representaciones S.A.
IRS-WS,Irsa Inversiones Y Representaciones S.A. - Warrants (13/05/2026)
IRT,Independence Realty Trust Inc
ISG,ING Group NV Perpetual Dent Secs 6125
IT,Gartner Inc
ITGR,Integer Holdings Corp
ITT,ITT Inc
ITUB,Itau Unibanco Holding S.A.
ITW,Illinois Tool Works Inc
IVR,Invesco Mortgage Capital Inc
IVR-P-B,Invesco Mortgage Capital Inc Preferred Series B Cum Fxd to Fltg
IVR-P-C,Invesco Mortgage Capital Inc
IVT,InvenTrust Properties Corp
IVZ,Invesco Ltd
IX,Orix Corporation
J,Jacobs Solutions Inc
JBGS,JBG SMITH Properties
JBI,Janus International Group Inc - Class A
JBK,Lehman ABS Corp
JBL,Jabil Inc
JBT,John Bean Technologies Corp
JCI,Johnson Controls International plc
JEF,Jefferies Financial Group Inc
JELD,JELD-WEN Holding Inc
JHAA,Nuveen Corporate Income 2023 Target Term Fund
JHG,Janus Henderson Group plc
JHX,James Hardie Industries plc
JILL,J.Jill Inc
JKS,JinkoSolar Holding Co. Ltd
JLL,Jones Lang Lasalle Inc
JMIA,Jumia Technologies Ag
JNJ,Johnson & Johnson
JNJ-WD,Johnson & Johnson WhenDistributed
JNPR,Juniper Networks Inc
JOBY,Joby Aviation Inc
JOBY-WS,Joby Aviation Inc Wt
JOE,St. Joe Company
JPM,JPMorgan Chase & Company
JPM-P-C,JPMorgan Chase & Company
JPM-P-D,JPMorgan Chase & Company
JPM-P-J,JPMorgan Chase & Company
JPM-P-K,JPMorgan Chase & Company
JPM-P-L,JPMorgan Chase & Company
JPM-P-M,J P Morgan Chase & Co Depositary Shares Series M
JWN,Nordstrom Inc
JXN,Jackson Financial Inc - Class A
JXN-P-A,Jackson Financial Inc
K,Kellanova Company
K-W,Kellogg Company WhenIssued
KAI,Kadant Inc
KAMN,Kaman Corp
KAR,Openlane Inc
KB,KB Financial Group Inc
KBH,KB Home
KBR,KBR Inc
KCGI,Kensington Capital Acquisition Corp V - Class A
KCGI-U,Kensington Capital Acquisition Corp V - Units (1 Ord Share Class A & 3/4 War)
KCGI-WS,Kensington Capital Acquisition Corp V Redeemable warrants each whole warrant exercisable for one Class A ordinary share at an exercise price of 11.50
KD,Kyndryl Holdings Inc
KEN,Kenon Holdings Ltd
KEP,Korea Electric Power
KEX,Kirby Corp
KEY,Keycorp
KEY-P-I,Keycorp
KEY-P-J,Keycorp
KEY-P-K,Keycorp
KEY-P-L,Keycorp
KEYS,Keysight Technologies Inc
KFS,Kingsway Financial Services Inc
KFY,Korn Ferry
KGC,Kinross Gold Corp
KGS,Kodiak Gas Services Inc
KIM,Kimco Realty Corporation
KIM-P-L,Kimco Realty Corporation
KIM-P-M,Kimco Realty Corporation
KIM-P-N,Kimco Realty Corporation
KIND,Nextdoor Holdings Inc - Class A
KIO-R,KKR Income Opportunities Fund Rights expiring February 16 2023 Rights
KIO-R-W,KKR Income Opportunities Fund Rights expiring February 16 2023 Rights when issued
KKR,KKR & Co. Inc
KKRS,KKR Group Finance Co. IX LLC
KLG,WK Kellogg Company
KLG-W,WK Kellogg Co WhenIssued
KMB,Kimberly-Clark Corp
KMI,Kinder Morgan Inc - Class P
KMPB,Kemper Corporation
KMPR,Kemper Corporation
KMT,Kennametal Inc
KMX,Carmax Inc
KN,Knowles Corp
KNF,Knife River Corp
KNF-W,Knife Riv Holding Co. WhenIssued
KNOP,KNOT Offshore Partners LP
KNSL,Kinsale Capital Group Inc
KNTK,Kinetik Holdings Inc - Class A
KNX,Knight-Swift Transportation Holdings Inc - Class A
KO,Coca-Cola Company
KODK,Eastman Kodak Company
KOF,Coca-Cola Femsa S.A.B. DE C.V.
KOP,Koppers Holdings Inc
KORE,Kore Group Holdings Inc
KOS,Kosmos Energy Ltd
KR,Kroger Company
KRC,Kilroy Realty Corp
KREF,KKR Real Estate Finance Trust Inc
KREF-P-A,KKR Real Estate Finance Trust Inc 6.50 Series A Cumulative Redeemable Preferred Stock
KRG,Kite Realty Group Trust
KRO,Kronos Worldwide Inc
KRP,Kimbell Royalty Partners LP
KSS,Kohl`s Corp
KT,KT Corporation
KTB,Kontoor Brands Inc
KTH,Structures Products Cp 8 CorTS Issued by Peco Energy Cap Tr II Preferred Stock
KTN,Structured Products Corp 8205 CorTS 8205 Corporate Backed Trust Securities CorTS
KUKE,Kuke Music Holding Ltd
KVUE,Kenvue Inc
KVUE-W,Kenvue Inc When Issued
KVYO,Klaviyo Inc - Series A
KW,Kennedy-Wilson Holdings Inc
KWR,Quaker Houghton
L,Loews Corp
LAAC,Lithium Americas (Argentina) Corp
LAAC-W,Lithium Americas Argentina Corp WhenIssued
LAC,Lithium Americas Corp (NewCo)
LAC-W,Lithium Americas Corp When Issued
LAD,Lithia Motors Inc - Class A
LADR,Ladder Capital Corp - Class A
LANV,Lanvin Group Holdings Ltd - Class A
LANV-WS,Lanvin Group Holdings Ltd - Warrants (19/01/2026)
LAW,CS Disco Inc
LAZ,Lazard Ltd - Class A
LBRT,Liberty Energy Inc - Class A
LC,LendingClub Corp
LCII,LCI Industries
LCW,Learn CW Investment Corp - Class A
LCW-U,Learn CW Investment Corporation Units each consisting of one Class A ordinary share and onehalf of one redeemable warrant
LCW-WS,Learn CW Investment Corp - Warrants (08/10/2026)
LDI,LoanDepot Inc - Class A
LDOS,Leidos Holdings Inc
LEA,Lear Corp
LEG,Leggett & Platt Inc
LEJU,Leju Holdings Ltd
LEN,Lennar Corp - Class A
LEN-B,Lennar Corp - Class B
LEV,Lion Electric Co (The)
LEV-WS,Lion Electric Co (The) - Warrants (06/05/2026)
LEV-WS-A,Lion Electric Co (The) - Warrants (13/12/2027)
LEVI,Levi Strauss & Co. Cls A
LFT,Lument Finance Trust Inc
LFT-P-A,Lument Finance Trust Inc
LGF-A,Lions Gate Entertainment Corp - Class A
LGF-B,Lions Gate Entertainment Corp - Class B
LGV-WS,Longview Acquisition Corp II Redeemable Warrants each whole Warrant exercisable for one share of Class A Common Stock each at an exercise price of 11.50 per s
LH,Laboratory Corp Of America Holdings
LH-W,Laboratory Corporation of America Holdings WhenIssued
LHC,Leo Holdings Corp II - Class A
LHC-U,Leo Holdings Corp II - Units (1 Ord Share Class A & 1/4 War)
LHX,L3Harris Technologies Inc
LICY,Li-Cycle Holdings Corp - Class A
LII,Lennox International Inc
LITB,LightInTheBox Holding Co Ltd
LL,LL Flooring Holdings Inc
LLAP,Terran Orbital Corp - Class A
LLAP-WS,Terran Orbital Corp - Warrants (09/03/2028)
LLY,Lilly(Eli) & Company
LMND,Lemonade Inc
LMT,Lockheed Martin Corp
LNC,Lincoln National Corp
LNC-P-D,Lincoln National Corporation Depositary Shares Series D
LND,Brasilagro Companhia Brasileira De Propriedade Agricola
LNN,Lindsay Corporation
LOB,Live Oak Bancshares Inc
LOCL,Local Bounti Corp - Class A
LOMA,Loma Negra Compania Industrial Argentina Sociedad Anonima
LOW,Lowe`s Cos. Inc
LPG,Dorian LPG Ltd
LPL,LG Display Co Ltd
LPX,Louisiana-Pacific Corp
LRN,Stride Inc
LSPD,Lightspeed Commerce Inc (Sub Voting)
LTC,LTC Properties Inc
LTH,Life Time Group Holdings Inc
LU,Lufax Holding Ltd
LUMN,Lumen Technologies Inc
LUV,Southwest Airlines Company
LVS,Las Vegas Sands Corp
LVWR,LiveWire Group Inc
LVWR-WS,LiveWire Group Inc - Warrants (01/01/9999)
LW,Lamb Weston Holdings Inc
LXFR,Luxfer Holdings PLC
LXP,LXP Industrial Trust
LXP-P-C,LXP Industrial Trust
LXU,LSB Industries Inc
LYB,LyondellBasell Industries NV - Class A
LYG,Lloyds Banking Group plc
LYV,Live Nation Entertainment Inc
LZB,La-Z-Boy Inc
LZM,Lifezone Metals Ltd
LZM-WS,Lifezone Metals Ltd - Warrants (05/07/2028)
M,Macy`s Inc
MA,Mastercard Incorporated - Class A
MAA,Mid-America Apartment Communities Inc
MAA-P-I,Mid-America Apartment Communities Inc
MAC,Macerich Company
MAIN,Main Street Capital Corporation
MAN,ManpowerGroup
MANU,Manchester United Plc. - Class A
MAS,Masco Corp
MATV,Mativ Holdings Inc
MATX,Matson Inc
MAX,MediaAlpha Inc - Class A
MBC,MasterBrand Inc
MBC-W,MasterBrand Inc WhenIssued
MBI,MBIA Inc
MC,Moelis & Co - Class A
MCB,Metropolitan Bank Holding Corp
MCD,McDonald`s Corp
MCK,Mckesson Corporation
MCO,Moody`s Corp
MCS,Marcus Corp
MCW,Mister Car Wash Inc
MCY,Mercury General Corp
MD,Pediatrix Medical Group Inc
MDC,M.D.C. Holdings Inc
MDT,Medtronic Plc
MDU,MDU Resources Group Inc
MDU-W,MDU Resources Group Inc WhenIssued
MDV,Modiv Industrial Inc - Class C
MDV-P-A,Modiv Industrial Inc
MEC,Mayville Engineering Company Inc
MED,Medifast Inc
MEG,Montrose Environmental Group Inc
MEGI,MainStay CBRE Global Infrastructure Megatrends Fund
MEI,Methode Electronics Inc
MER-P-K,Bank Of America Corp
MET,Metlife Inc
MET-P-A,Metlife Inc
MET-P-E,Metlife Inc
MET-P-F,Metlife Inc 4.75 PRF PERPETUAL USD 25 11000th int Ser F
MFA,MFA Financial Inc
MFA-P-B,MFA Financial Inc
MFA-P-C,MFA Financial Inc
MFAN,MFA Financial Inc 8.875 Senior Notes due 2029
MFC,Manulife Financial Corp
MFG,Mizuho Financial Group Inc
MG,Mistras Group Inc
MGA,Magna International Inc
MGM,MGM Resorts International
MGR,Affiliated Managers Group Inc
MGRB,Affiliated Managers Group Inc
MGRD,Affiliated Managers Group Inc
MGY,Magnolia Oil & Gas Corp - Class A
MHK,Mohawk Industries Inc
MHLA,Maiden Holdings Ltd
MHNC,Maiden Holdings North American Ltd 775 Nts 12012043
MHO,MI Homes Inc
MIO,Pioneer Municipal High Income Opportunities Fund Inc
MIR,Mirion Technologies Inc - Class A
MIR-WS,Mirion Technologies Inc - Warrants (30/06/2027)
MITN,AG Mortgage Investment Trust Inc
MITT,AG Mortgage Investment Trust Inc
MITT-P-A,AG Mortgage Investment Trust Inc
MITT-P-B,AG Mortgage Investment Trust Inc
MITT-P-C,AG Mortgage Investment Trust Inc
MIXT,MiX Telematics Ltd
MKC,McCormick & Co. Inc (Non Voting)
MKC-V,McCormick & Co. Inc
MKFG,Markforged Holding Corporation
MKFG-WS,Markforged Holding Corporation Warrants
MKL,Markel Group Inc
ML,MoneyLion Inc - Class A
ML-WS,MoneyLion Inc Wt Exp 06012027
MLI,Mueller Industries Inc
MLM,Martin Marietta Materials Inc
MLNK,MeridianLink Inc
MLP,Maui Land & Pineapple Co. Inc
MLR,Miller Industries Inc
MMC,Marsh & McLennan Cos. Inc
MMI,Marcus & Millichap Inc
MMM,3M Company
MMS,Maximus Inc
MNR,Mach Natural Resources LP
MNSO,MINISO Group Holding Ltd
MNTN,Everest Consolidator Acquisition Corp - Class A
MNTN-U,Everest Consolidator Acquisition Corp - Units (1 Ord Class A & 1/2 War)
MNTN-WS,Everest Consolidator Acquisition Corporation Warrants each whole warrant exercisable for one share of Class A Common Stock at an exercise price of 11.50
MO,Altria Group Inc
MOD,Modine Manufacturing Company
MODG,Topgolf Callaway Brands Corp
MODN,Model N Inc
MOG-A,Moog Inc - Class A
MOG-B,Moog Inc - Class B
MOGU,MOGU Inc
MOH,Molina Healthcare Inc
MOS,Mosaic Company
MOV,Movado Group Inc
MP,MP Materials Corporation
MPC,Marathon Petroleum Corp
MPLN,MultiPlan Corp - Class A
MPLN-WS,MultiPlan Corp Wt Exp 10082025
MPLX,MPLX LP
MPW,Medical Properties Trust Inc
MPX,Marine Products Corp
MRC,MRC Global Inc
MRDB,MariaDB Plc - Class A
MRDB-WS,MariaDB Plc - Warrants (16/12/2027)
MRK,Merck & Co Inc
MRO,Marathon Oil Corporation
MRT,MedEquities Realty Trust Inc
MS,Morgan Stanley
MS-P-A,Morgan Stanley
MS-P-E,Morgan Stanley
MS-P-F,Morgan Stanley
MS-P-I,Morgan Stanley
MS-P-K,Morgan Stanley
MS-P-L,Morgan Stanley
MS-P-P,Morgan Stanley
MSA,MSA Safety Inc
MSB,Mesabi Trust
MSC,Studio City International Holdings Ltd
MSCI,MSCI Inc
MSDL,Morgan Stanley Direct Lending Fund
MSGE,Madison Square Garden Entertainment Corp - Class A
MSGS,Madison Square Garden Sports Corp - Class A
MSI,Motorola Solutions Inc
MSM,MSC Industrial Direct Co. Inc - Class A
MT,ArcelorMittal
MTAL,Metals Acquisition Ltd
MTAL-WS,Metals Acquisition Ltd - Warrants (09/06/2028)
MTB,M & T Bank Corp
MTB-P-H,M & T Bank Corp
MTBL,Moatable Inc
MTD,Mettler-Toledo International Inc
MTDR,Matador Resources Company
MTEST,
MTG,MGIC Investment Corp
MTH,Meritage Homes Corp
MTN,Vail Resorts Inc
MTR,Mesa Royalty Trust
MTRN,Materion Corp
MTUS,TimkenSteel Corp
MTW,Manitowoc Co. Inc
MTX,Minerals Technologies Inc
MTZ,Mastec Inc
MUFG,Mitsubishi UFJ Financial Group Inc
MUR,Murphy Oil Corp
MUSA,Murphy USA Inc
MUX,McEwen Mining Inc
MVO,MV Oil Trust
MWA,Mueller Water Products Inc - Series A
MX,MagnaChip Semiconductor Corp
MYE,Myers Industries Inc
MYTE,MYT Netherlands Parent BV
NABL,N-able Inc
NAPA,Duckhorn Portfolio Inc (The)
NAT,Nordic American Tankers Ltd
NATL-W,NCR Atleos Corporation WhenIssued
NBHC,National Bank Holdings Corp - Class A
NBR,Nabors Industries Ltd
NBXG,Neuberger Berman Next Generation Connectivity Fund Inc
NC,Nacco Industries Inc - Class A
NCDL,Nuveen Churchill Direct Lending Corp
NCLH,Norwegian Cruise Line Holdings Ltd
NCV-P-A,Virtus Convertible & Income Fund
NCZ-P-A,Virtus Convertible & Income Fund II
NDMO,Nuveen Dynamic Municipal Opportunities Fund
NE,Noble Corp Plc - Class A
NE-WS,Noble Corporation plc Tranche 1 Warrants
NE-WS-A,Noble Corporation plc Tranche 2 Warrants
NEE,NextEra Energy Inc
NEE-P-Q,NextEra Energy Inc. Corporate Units
NEE-P-R,NextEra Energy Inc Corporate Units expiring 09012019
NEEPN,NextEra Energy Capital Holdings Inc
NEM,Newmont Corp
NEP,NextEra Energy Partners LP
NET,Cloudflare Inc - Class A
NEU,NewMarket Corp
NEUE,NeueHealth Inc
NEXA,Nexa Resources S.A.
NFG,National Fuel Gas Company
NFYS,Enphys Acquisition Corp - Class A
NFYS-U,Enphys Acquisition Corp Units each consisting of one Class A ordinary share and onehalf of one redeemable warrant
NFYS-WS,Enphys Acquisition Corp - Warrants (01/01/9999)
NGG,National Grid Plc
NGL,NGL Energy Partners LP
NGL-P-B,NGL Energy Partners LP
NGL-P-C,NGL ENERGY PARTNERS LP 9625 Class C FixedtoFloating Rate Cumulative Redeemable Perpetual Preferred Units representing limited partner interests
NGS,Natural Gas Services Group Inc
NGVC,Natural Grocers by Vitamin Cottage Inc
NGVT,Ingevity Corp
NHI,National Health Investors Inc
NI,NiSource Inc
NI-P-B,NiSource Inc
NIC,Nicolet Bankshares Inc
NINE,Nine Energy Service Inc
NIO,NIO Inc
NJR,New Jersey Resources Corporation
NKE,Nike Inc - Class B
NL,NL Industries Inc
NLOP,Net Lease Office Properties
NLOP-W,Net Lease Office Properties of Beneficial Interest WhenIssued
NLY,Annaly Capital Management Inc
NLY-P-F,Annaly Capital Management Inc
NLY-P-G,Annaly Capital Management Inc
NLY-P-I,Annaly Capital Management Inc
NMAI,Nuveen Multi-Asset Income Fund
NMCO,Nuveen Municipal Credit Opportunities Fund
NMG,Nouveau Monde Graphite Inc
NMM,Navios Maritime Partners L.P.
NMR,Nomura Holdings Inc
NNI,Nelnet Inc - Class A
NNN,NNN REIT Inc
NOA,North American Construction Group Ltd
NOAH,Noah Holdings Ltd
NOC,Northrop Grumman Corp
NOG,Northern Oil and Gas Inc
NOK,Nokia Corp
NOMD,Nomad Foods Ltd
NOTE,FiscalNote Holdings Inc - Class A
NOTE-WS,FiscalNote Holdings Inc Warrants to purchase one share of Class A common stock each at an exercise price of 11.50 per share
NOV,NOV Inc
NOVA,Sunnova Energy International Inc
NOW,ServiceNow Inc
NPCT,Nuveen Core Plus Impact Fund
NPFD,Nuveen Variable Rate Preferred & Income Fund
NPK,National Presto Industries Inc
NPO,EnPro Industries Inc
NPWR,NET Power Inc - Class A
NPWR-WS,NET Power Inc Redeemable warrants each whole warrant exercisable for one share of Class A Common Stock at an exercise price of 11.50
NR,Newpark Resources Inc
NRDY,Nerdy Inc - Class A
NREF,NexPoint Real Estate Finance Inc
NREF-P-A,NexPoint Real Estate Finance Inc
NRG,NRG Energy Inc
NRGV,Energy Vault Holdings Inc
NRP,Natural Resource Partners LP
NRT,North European Oil Royalty Trust
NRUC,National Rural Utilities Coop Finance Corp
NS,Nustar Energy L P
NS-P-A,Nustar Energy L P
NS-P-B,Nustar Energy L P
NS-P-C,Nustar Energy L P
NSA,National Storage Affiliates Trust
NSA-P-A,National Storage Affiliates Trust
NSC,Norfolk Southern Corp
NSP,Insperity Inc
NSS,NuStar Logistics LP
NTB,Bank of N T Butterfield & Son Ltd
NTEST,NTEST
NTEST-A,NTESTA
NTEST-B,NTESTB
NTEST-C,NTESTC
NTEST-G,
NTEST-H,
NTEST-I,
NTEST-J,
NTEST-K,
NTEST-L,
NTEST-M,
NTEST-N,
NTEST-O,
NTEST-P,
NTEST-Q,
NTEST-Y,
NTEST-Z,
NTR,Nutrien Ltd
NTST,Netstreit Corp
NTZ,Natuzzi S.P.A.
NU,Nu Holdings Ltd Class A
NUE,Nucor Corp
NUS,Nu Skin Enterprises Inc - Class A
NUVB,Nuvation Bio Inc - Class A
NUVB-WS,Nuvation Bio Inc Warrants
NVGS,Navigator Holdings Ltd
NVO,Novo Nordisk
NVR,NVR Inc
NVRI,Enviri Corp
NVRO,Nevro Corp
NVS,Novartis AG
NVST,Envista Holdings Corp
NVT,nVent Electric plc
NWG,NatWest Group Plc
NWN,Northwest Natural Holding Company
NX,Quanex Building Products Corp
NXDT,NexPoint Diversified Real Estate Trust
NXDT-P-A,NexPoint Diversified Real Estate Trust
NXE,NexGen Energy Ltd
NXG,NXG NextGen Infrastructure Income Fund
NXRT,NexPoint Residential Trust Inc
NXU,Energy Vault Holdings Inc - Class A
NYC,American Strategic Investment Co - Class A
NYCB,New York Community Bancorp Inc
NYCB-P-A,New York Community Bancorp Inc
NYCB-P-U,New York Community Bancorp Inc Capital Tr V BONUSES
NYT,New York Times Co. - Class A
O,Realty Income Corp
O-P,Realty Income Corp
OAK-P-A,Oaktree Capital Group LLC
OAK-P-B,Oaktree Capital Group LLC
OBDC,Blue Owl Capital Corp
OBDE,Blue Owl Capital Corp III
OBK,Origin Bancorp Inc
OC,Owens Corning
OCFT,Oneconnect Financial Technology Co Ltd
OCN,Ocwen Financial Corp
ODC,Oil-Dri Corp Of America
ODV,Osisko Development Corp
OEC,Orion S.A
OFG,OFG Bancorp
OGE,Oge Energy Corp
OGN,Organon & Company
OGS,ONE Gas Inc
OHI,Omega Healthcare Investors Inc
OI,O-I Glass Inc
OII,Oceaneering International Inc
OIS,Oil States International Inc
OKE,Oneok Inc
OLN,Olin Corp
OLO,Olo Inc - Class A
OLP,One Liberty Properties Inc
OMC,Omnicom Group Inc
OMF,OneMain Holdings Inc
OMI,Owens & Minor Inc
ONL,Orion Office REIT Inc
ONON,On Holding AG Class A
ONTF,ON24 Inc
ONTO,Onto Innovation Inc
OOMA,Ooma Inc
OPAD,Offerpad Solutions Inc - Class A
OPFI,OppFi Inc - Class A
OPFI-WS,OppFi Inc Wt Exp 08312027
OPP-P-A,RiverNorth/DoubleLine Strategic opportunity fund Inc
OPP-P-B,RiverNorth/DoubleLine Strategic opportunity fund Inc
OPY,Oppenheimer Holdings Inc - Class A
OR,Osisko Gold Royalties Ltd
ORA,Ormat Technologies Inc
ORAN,Orange.
ORC,Orchid Island Capital Inc
ORCL,Oracle Corp
ORI,Old Republic International Corp
ORN,Orion Group Holdings Inc
OSCR,Oscar Health Inc - Class A
OSG,Overseas Shipholding Group Inc - Class A
OSI,Osiris Acquisition Corp - Class A
OSI-U,Osiris Acquisition Corp - Units (1 Ord Class A & 1/2 War)
OSI-WS,Osiris Acquisition Corp - Warrants (01/05/2028)
OSK,Oshkosh Corp
OTIS,Otis Worldwide Corp
OUST,Ouster Inc - Class A
OUST-WS,Ouster Inc Warrants
OUT,Outfront Media Inc
OVV,Ovintiv Inc
OWL,Blue Owl Capital Inc - Class A
OWL-WS,Blue Owl Capital Inc Redeemable Warrants
OWLT,Owlet Inc - Class A
OXM,Oxford Industries Inc
OXY,Occidental Petroleum Corp
OXY-WS,Occidental Petroleum Corp - Warrants (03/08/2027)
OZ,Belpointe REIT Inc
PAAS,Pan American Silver Corp
PAC,Grupo Aeroportuario Del Pacifico SAB de CV
PACI-U,PROOF Acquisition Corp I Units each consisting of one share of Class A common stock 0.0001 par value and onehalf of one redeemable warrant
PACK,Ranpak Holdings Corp - Class A
PAG,Penske Automotive Group Inc
PAGS,PagSeguro Digital Ltd - Class A
PAR,Par Technology Corp
PARR,Par Pacific Holdings Inc
PATH,UiPath Inc - Class A
PAXS,PIMCO Access Income Fund
PAY,Paymentus Holdings Inc - Class A
PAYC,Paycom Software Inc
PB,Prosperity Bancshares Inc
PBA,Pembina Pipeline Corporation
PBF,PBF Energy Inc - Class A
PBH,Prestige Consumer Healthcare Inc
PBI,Pitney Bowes Inc
PBI-P-B,Pitney Bowes Inc
PBR,Petroleo Brasileiro S.A. Petrobras
PBR-A,Petroleo Brasileiro S.A. Petrobras
PBT,Permian Basin Royalty Trust
PCG,PG&E Corp
PCOR,Procore Technologies Inc
PD,Pagerduty Inc
PDM,Piedmont Office Realty Trust Inc - Class A
PDS,Precision Drilling Corp
PDX,PIMCO Energy and Tactical Credit Opportunities Fund
PEAK,Healthpeak OP LLC
PEB,Pebblebrook Hotel Trust
PEB-P-E,Pebblebrook Hotel Trust
PEB-P-F,Pebblebrook Hotel Trust
PEB-P-G,Pebblebrook Hotel Trust
PEB-P-H,Pebblebrook Hotel Trust
PEG,Public Service Enterprise Group Inc
PEN,Penumbra Inc
PERF,Perfect Corp - Class A
PERF-WS,Perfect Corp Warrants each exercisable for one Class A Ordinary Share at a price of 11.50 per share
PFE,Pfizer Inc
PFGC,Performance Food Group Company
PFH,Prudential Financial Inc
PFLT,PennantPark Floating Rate Capital Ltd
PFS,Provident Financial Services Inc
PFSI,PennyMac Financial Services Inc
PG,Procter & Gamble Company
PGR,Progressive Corp
PGRE,Paramount Group Inc
PGRU,PropertyGuru Group Ltd
PGSS,Pegasus Digital Mobility Acquisition Corp - Class A
PGSS-U,Pegasus Digital Mobility Acquisition Corp - Units (1 Ord Class A & 1/2 War)
PGSS-WS,Pegasus Digital Mobility Acquisition Corp - Warrants(01/01/9999)
PGTI,PGT Innovations Inc
PH,Parker-Hannifin Corp
PHG,Koninklijke Philips N.V.
PHI,PLDT Inc
PHIN,PHINIA Inc
PHIN-W,PHINIA Inc WhenIssued
PHM,PulteGroup Inc
PHR,Phreesia Inc
PHX,PHX Minerals Inc - Class A
PHYT,Pyrophyte Acquisition Corp - Class A
PHYT-U,Pyrophyte Acquisition Corp - Units (1 Ord Share Class A & 1/2 War)
PHYT-WS,Pyrophyte Acquisition Corp - Warrants(01/01/9999)
PII,Polaris Inc
PINE,Alpine Income Property Trust Inc
PINS,Pinterest Inc - Class A
PIPR,Piper Sandler Co`s
PJT,PJT Partners Inc - Class A
PK,Park Hotels & Resorts Inc
PKE,Park Aerospace Corp
PKG,Packaging Corp Of America
PKST,Peakstone Realty Trust - Class E
PKX,POSCO Holdings Inc
PL,Planet Labs PBC - Class A
PL-WS,Planet Labs PBC Wt Exp 06122026
PLD,Prologis Inc
PLNT,Planet Fitness Inc - Class A
PLOW,Douglas Dynamics Inc
PLTR,Palantir Technologies Inc - Class A
PLYM,Plymouth Industrial Reit Inc
PM,Philip Morris International Inc
PMT,Pennymac Mortgage Investment Trust
PMT-P-A,Pennymac Mortgage Investment Trust
PMT-P-B,Pennymac Mortgage Investment Trust
PMT-P-C,Pennymac Mortgage Investment Trust
PMTU,Pennymac Mortgage Investment Trust
PNC,PNC Financial Services Group Inc
PNM,PNM Resources Inc
PNNT,PennantPark Investment Corporation
PNR,Pentair plc
PNST,Pinstripes Holdings Inc - Class A
PNST-WS,Pinstripes Holdings Inc Warrants
PNSTWS,Pinstripes Holdings Inc - Warrants (30/09/2028)
PNW,Pinnacle West Capital Corp
POR,Portland General Electric Company
PORT,Southport Acquisition Corp - Class A
PORT-U,Southport Acquisition Corp - Units (1 Ord Class A & 1/2 War)
PORT-WS,Southport Acquisition Corp - Warrants (01/01/9999)
POST,Post Holdings Inc
PPG,PPG Industries Inc
PPL,PPL Corp
PR,Permian Resources Corp - Class A
PRA,Proassurance Corporation
PRE-P-J,PartnerRe Ltd 4.875 Fixed Rate NonCumulative Redeemable Preferred Shares Series J
PRG,PROG Holdings Inc
PRGO,Perrigo Company plc
PRH,Prudential Financial Inc
PRI,Primerica Inc
PRIF-P-D,Priority Income Fund Inc 700 Series D Term Preferred Stock due 2029
PRIF-P-F,Priority Income Fund Inc 6.625% Series F
PRIF-P-G,Priority Income Fund Inc
PRIF-P-H,Priority Income Fund Inc
PRIF-P-I,Priority Income Fund Inc
PRIF-P-J,Priority Income Fund Inc
PRIF-P-K,Priority Income Fund Inc
PRIF-P-L,Priority Income Fund Inc 6.375 Series L Term Preferred Stock Due 2029
PRIM,Primoris Services Corp
PRKS,SeaWorld Entertainment Inc
PRLB,Proto Labs Inc
PRM,Perimeter Solutions SA
PRMW,Primo Water Corporation
PRO,Pros Holdings Inc
PRT,PermRock Royalty Trust
PRU,Prudential Financial Inc
PSA,Public Storage.
PSA-P-F,Public Storage.
PSA-P-G,Public Storage.
PSA-P-H,Public Storage.
PSA-P-I,Public Storage.
PSA-P-J,Public Storage.
PSA-P-K,Public Storage.
PSA-P-L,Public Storage.
PSA-P-M,Public Storage.
PSA-P-N,Public Storage.
PSA-P-O,Public Storage.
PSA-P-P,Public Storage.
PSA-P-Q,Public Storage.
PSA-P-R,Public Storage.
PSA-P-S,Public Storage.
PSBD,Palmer Square Capital BDC Inc
PSEC-P-A,Prospect Capital Corp
PSFE,Paysafe Ltd - Class A
PSFE-WS,Paysafe Ltd - Warrants (11/08/2025)
PSN,Parsons Corp
PSO,Pearson plc
PSQH,PSQ Holdings Inc - Class A
PSQH-WS,PSQ Holdings Inc - Warrants (01/01/9999)
PSTG,Pure Storage Inc - Class A
PSTL,Postal Realty Trust Inc Cls A
PSX,Phillips 66
PTA,Cohen & Steers Tax-Advantaged Preferred Securities & Income Fund
PUK,Prudential plc
PUMP,ProPetro Holding Corp
PVH,PVH Corp
PVL,Permianville Royalty Trust
PWR,Quanta Services Inc
PWSC,PowerSchool Holdings Inc Class A
PX,P10 Inc - Class A
PXD,Pioneer Natural Resources Company
PYT,PPLUS Trust Series GSC-2
QBTS,D-Wave Quantum Inc
QBTS-WS,D-Wave Quantum Inc - Warrants (13/10/2027)
QD,Qudian Inc
QGEN,Qiagen NV
QS,QuantumScape Corp - Class A
QSR,Restaurant Brands International Inc
QTWO,Q2 Holdings Inc
QUAD,Quad/Graphics Inc - Class A
QVCC,QVC Inc
QVCD,QVC Inc
R,Ryder System Inc
RACE,Ferrari N.V.
RAMP,LiveRamp Holdings Inc
RBA,RB Global Inc
RBC,RBC Bearings Inc
RBCP,RBC Bearings Incorporated 5.00 Series A Mandatory Convertible Preferred Stock
RBLX,Roblox Corporation - Class A
RBOT,Vicarious Surgical Inc - Class A
RBOT-WS,Vicarious Surgical Inc Warrants each whole warrant exercisable for one share of Class A Common Stock at an exercise price of 11.50 per share
RBT,Rubicon Technologies Inc - Class A
RBT-WS,Rubicon Technologies Inc Warrants each whole warrant exercisable to purchase one share of Class A Common Stock at an exercise price of 11.50 per share
RC,Ready Capital Corp
RC-P-C,Ready Capital Corp
RC-P-E,Ready Capital Corp
RCB,Ready Capital Corp
RCC,Ready Capital Corp
RCFA,RCF Acquisition Corp - Class A
RCFA-U,RCF Acquisition Corp Units each consisting of one Class A ordinary share and onehalf of one redeemable warrant
RCFA-WS,RCF Acquisition Corp - Warrants (01/01/9999)
RCI,Rogers Communications Inc - Class B
RCL,Royal Caribbean Group
RCUS,Arcus Biosciences Inc
RDN,Radian Group Inc
RDW,Redwire Corporation
RDW-WS,Redwire Corporation Redeemable Warrants
RDY,Dr. Reddy`s Laboratories Ltd
RELX,RELX Plc
RERE,ATRenew Inc
RES,RPC Inc
REVG,REV Group Inc
REX,REX American Resources Corp
REXR,Rexford Industrial Realty Inc
REXR-P-B,Rexford Industrial Realty Inc
REXR-P-C,Rexford Industrial Realty Inc
REZI,Resideo Technologies Inc
RF,Regions Financial Corp
RF-P-B,Regions Financial Corp
RF-P-C,Regions Financial Corp
RF-P-E,Regions Financial Corp
RFL,Rafael Holdings Inc - Class B
RFM,RiverNorth Flexible Municipal Income Fund Inc
RFMZ,RiverNorth Flexible Municipal Income Fund II Inc
RGA,Reinsurance Group Of America Inc
RGR,Sturm Ruger & Co. Inc
RH,RH - Class A
RHI,Robert Half Inc
RHP,Ryman Hospitality Properties Inc
RIG,Transocean Ltd
RIO,Rio Tinto plc
RITM,Rithm Capital Corporation
RITM-P-A,Rithm Capital Corporation
RITM-P-B,Rithm Capital Corporation
RITM-P-C,Rithm Capital Corporation
RITM-P-D,Rithm Capital Corporation
RIV-P-A,RiverNorth Opportunities Fund Inc 6.00 Series A Perpetual Preferred Stock
RJF,Raymond James Financial Inc
RJF-P-B,Raymond James Financial Inc
RKT,Rocket Companies Inc Class A
RL,Ralph Lauren Corp - Class A
RLI,RLI Corp
RLJ,RLJ Lodging Trust
RLJ-P-A,RLJ Lodging Trust
RLTY,Cohen & Steers Real Estate Opportunities and Income Fund
RLX,RLX Technology Inc
RM,Regional Management Corp
RMAX,RE/MAX Holdings Inc - Class A
RMD,Resmed Inc
RMI,RiverNorth Opportunistic Municipal Income Fund Inc
RMM,RiverNorth Managed Duration Municipal Income Fund Inc
RMMZ,RiverNorth Managed Duration Municipal Income Fund II Inc
RMPL-P,RiverNorth Capital and Income Fund
RNG,RingCentral Inc - Class A
RNGR,Ranger Energy Services Inc - Class A
RNR,RenaissanceRe Holdings Ltd
RNR-P-F,RenaissanceRe Holdings Ltd
RNR-P-G,RenaissanceRe Holdings Ltd Depositary Shares Series G
RNST,Renasant Corp
ROG,Rogers Corp
ROK,Rockwell Automation Inc
ROL,Rollins Inc
ROSS,Ross Acquisition Corp II - Class A
ROSS-U,Ross Acquisition Corp II - Units (1 Ord Share Class A & 1/3 War)
ROSS-WS,Ross Acquisition Corp II - Warrants (01/02/2026)
RPM,RPM International Inc
RRAC,Rigel Resource Acquisition Corp - Class A
RRAC-U,Rigel Resource Acquisition Corp - Units (1 Ord Class A & 1/2 War)
RRAC-WS,Rigel Resource Acquisition Corp - Warrants (01/01/9999)
RRC,Range Resources Corp
RRX,Regal Rexnord Corp
RS,Reliance Steel & Aluminum Company
RSF-R,RiverNorth Capital and Income Fund Rights expiring January 27 2023 Rights
RSF-R-W,RiverNorth Capital and Income Fund Rights expiring January 27 2023 Rights when issued
RSG,Republic Services Inc
RSI,Rush Street Interactive Inc - Class A
RSKD,Riskified Ltd - Class A
RTO,Rentokil Initial
RTX,RTX Corp
RVLV,Revolve Group Inc - Class A
RVTY,Revvity Inc
RWT,Redwood Trust Inc
RWT-P-A,Redwood Trust Inc
RWTN,Redwood Trust Inc 9.125 Senior Notes Due 2029
RXO,RXO Inc
RY,Royal Bank Of Canada
RYAM,Rayonier Advanced Materials Inc
RYAN,Ryan Specialty Holdings Inc Class A
RYI,Ryerson Holding Corp
RYN,Rayonier Inc
RZB,Reinsurance Group Of America Inc
RZC,Reinsurance Group Of America Inc
S,SentinelOne Inc - Class A
SA,Seabridge Gold Inc
SAFE,Safehold Inc
SAH,Sonic Automotive Inc - Class A
SAIC,Science Applications International Corp
SAJ,Saratoga Investment Corp
SAM,Boston Beer Co. Inc - Class A
SAN,Banco Santander S.A.
SAND,Sandstorm Gold Ltd
SAP,Sap SE
SAR,Saratoga Investment Corp
SAT,Saratoga Investment Corp
SAVE,Spirit Airlines Inc
SAY,Saratoga Investment Corp
SAZ,Saratoga Investment Corp
SB,Safe Bulkers Inc
SB-P-C,Safe Bulkers Inc
SB-P-D,Safe Bulkers Inc
SBBA,Scorpio Tankers Inc
SBH,Sally Beauty Holdings Inc
SBOW,SilverBow Resources Inc
SBR,Sabine Royalty Trust
SBS,Companhia de Saneamento Basico do Estado de Sao Paulo.
SBSW,Sibanye Stillwater Ltd
SBXC,SilverBox Corp III - Class A
SBXC-U,SilverBox Corp III - Units (1 Ord Share Class A & 1/3 War)
SBXC-WS,SilverBox Corp III - Warrants (28/02/2028)
SCCO,Southern Copper Corporation
SCE-P-G,SCE Trust II Trust Preferred Securities
SCE-P-H,SCE Trust III FixedFloating Rate Trust Preference Securities
SCE-P-J,Southern California Edison Company 5375 FixedtoFloating Rate Trust Preference Securities
SCE-P-K,Southern California Edison Company 545 FixedtoFloating Rate Trust Preference Securities
SCE-P-L,SCE Trust VI
SCHW,Charles Schwab Corp
SCHW-P-D,Charles Schwab Corp
SCHW-P-J,Charles Schwab Corp
SCI,Service Corp International
SCL,Stepan Company
SCM,Stellus Capital Investment Corp
SCS,Steelcase Inc - Class A
SCU,Sculptor Capital Management Inc - Class A
SCX,L.S. Starrett Co. - Class A
SD,Sandridge Energy Inc New
SDHC,Smith Douglas Homes Corp - Class A
SDHY,PGIM Short Duration High Yield Opportunities Fund
SDRL,Seadrill Ltd
SE,Sea Ltd
SEAL-P-A,Seapeak LLC
SEAL-P-B,Seapeak LLC
SEDA,SDCL EDGE Acquisition Corp - Class A
SEDA-U,SDCL EDGE Acquisition Corporation Units each consisting of one Class A ordinary share and onehalf of one redeemable warrant
SEDA-WS,SDCL EDGE Acquisition Corporation Redeemable warrants each whole warrant exercisable for one share of Class A ordinary share at an exercise price of 11.50
SEE,Sealed Air Corp
SEM,Select Medical Holdings Corporation
SEMR,SEMrush Holdings Inc - Class A
SES,SES AI Corporation - Class A
SES-WS,SES AI Corporation - Warrants (08/01/2026)
SF,Stifel Financial Corp
SF-P-B,Stifel Financial Corp
SF-P-C,Stifel Financial Corp
SF-P-D,Stifel Financial Corporation Depositary Shares Series D
SFB,Stifel Financial Corp
SFBS,ServisFirst Bancshares Inc
SFL,SFL Corporation Ltd
SG,Sweetgreen Inc - Class A
SGHC,Super Group (SGHC) Ltd
SGU,Star Group L.P.
SHAK,Shake Shack Inc - Class A
SHCO,Soho House & Co Inc Class A
SHEL,Shell Plc ADR (Representing - )
SHG,Shinhan Financial Group Co. Ltd
SHO,Sunstone Hotel Investors Inc
SHO-P-H,Sunstone Hotel Investors Inc
SHO-P-I,Sunstone Hotel Investors Inc
SHOP,Shopify Inc - Class A
SHW,Sherwin-Williams Company
SID,Companhia Siderurgica Nacional
SIG,Signet Jewelers Ltd
SII,Sprott Inc
SITC,SITE Centers Corp
SITC-P-A,SITE Centers Corp
SITE,SiteOne Landscape Supply Inc
SIX,Six Flags Entertainment Corp
SJM,J.M. Smucker Company
SJT,San Juan Basin Royalty Trust
SJW,SJW Group
SKE,Skeena Resources Ltd
SKIL,Skillsoft Corp - Class A
SKLZ,Skillz Inc - Class A
SKM,SK Telecom Co Ltd
SKT,Tanger Factory Outlet Centers Inc
SKX,Skechers U S A Inc - Class A
SKY,Skyline Champion Corp
SLB,SLB
SLCA,U.S. Silica Holdings Inc
SLF,Sun Life Financial Inc
SLG,SL Green Realty Corp
SLG-P-I,SL Green Realty Corp
SLGN,Silgan Holdings Inc
SLQT,SelectQuote Inc
SLVM,Sylvamo Corp
SM,SM Energy Company
SMAR,Smartsheet Inc - Class A
SMFG,Sumitomo Mitsui Financial Group Inc
SMG,Scotts Miracle-Gro Company - Class A
SMHI,SEACOR Marine Holdings Inc
SMLP,Summit Midstream Partners LP
SMP,Standard Motor Products Inc
SMR,NuScale Power Corporation - Class A
SMR-WS,NuScale Power Corporation Warrants each exercisable for one share of Class A Common Stock at an exercise price of 11.50 per share
SMRT,SmartRent Inc - Class A
SMWB,Similarweb Ltd
SN,SharkNinja Inc
SNA,Snap-on Inc
SNAP,Snap Inc - Class A
SNDA,Sonida Senior Living Inc
SNDR,Schneider National Inc - Class B
SNN,Smith & Nephew plc
SNOW,Snowflake Inc - Class A
SNV,Synovus Financial Corp
SNV-P-D,Synovus Financial Corp
SNV-P-E,Synovus Financial Corp
SNX,TD Synnex Corp
SO,Southern Company
SOAR,Volato Group Inc - Class A
SOC,Flame Acquisition Corp
SOC-WS,Sable Offshore Corp Wt Exp
SOCWS,Flame Acquisition Corp - Warrants (01/01/9999)
SOI,Solaris Oilfield Infrastructure Inc - Class A
SOJC,Southern Company
SOJD,Southern Company
SOJE,Southern Company
SOL,Emeren Group Ltd
SON,Sonoco Products Company
SONY,Sony Group Corporation
SOS,SOS Ltd
SPB,Spectrum Brands Holdings Inc
SPCE,Virgin Galactic Holdings Inc - Class A
SPE-P-C,Special Opportunities Fund Inc
SPG,Simon Property Group Inc
SPG-P-J,Simon Property Group Inc
SPGI,S&P Global Inc
SPH,Suburban Propane Partners LP
SPHR,Sphere Entertainment Co - Class A
SPHR-W,Sphere Entertainment Co. Class A WhenIssued
SPIR,Spire Global Inc - Class A
SPLP,Steel Partners Holdings LP
SPLP-P-A,Steel Partners Holdings LP
SPNT,SiriusPoint Ltd
SPNT-P-B,SiriusPoint Ltd
SPOT,Spotify Technology S.A.
SPR,Spirit Aerosystems Holdings Inc - Class A
SPRU,Spruce Power Holding Corporation - Class A
SPXC,SPX Technologies Inc
SQ,Block Inc - Class A
SQM,Sociedad Quimica Y Minera de Chile S.A.
SQNS,Sequans Communications S.A
SQSP,Squarespace Inc - Class A
SR,Spire Inc
SR-P-A,Spire Inc
SRE,Sempra
SREA,Sempra
SRFM,Surf Air Mobility Inc
SRG,Seritage Growth Properties - Class A
SRG-P-A,Seritage Growth Properties
SRI,Stoneridge Inc
SRL,Scully Royalty Ltd
SRV-R,NXG Cushing Midstream Energy Fund Rights expiring December 14 2023 Rights
SRV-R-W,NXG Cushing Midstream Energy Fund Rights expiring December 14 2023 Rights when issued
SSD,Simpson Manufacturing Co. Inc
SSL,Sasol Ltd
SST,System1 Inc - Class A
SST-WS,System1 Inc Warrants each whole warrant exercisable for one share of Class A Common Stock at an exercise price of 11.50 per share
SSTK,Shutterstock Inc
ST,Sensata Technologies Holding Plc
STAG,STAG Industrial Inc
STC,Stewart Information Services Corp
STE,Steris Plc
STEL,Stellar Bancorp Inc
STEM,Stem Inc - Class A
STEW,SRH Total Return Fund Inc
STG,Sunlands Technology Group
STLA,Stellantis N.V
STM,ST Microelectronics
STN,Stantec Inc
STNG,Scorpio Tankers Inc
STR,Sitio Royalties Corp - Class A
STT,State Street Corp
STT-P-D,State Street Corp
STT-P-G,State Street Corp
STVN,Stevanato Group Spa
STWD,Starwood Property Trust Inc
STZ,Constellation Brands Inc - Class A
STZ-B,Constellation Brands Inc - Class B
SU,Suncor Energy Inc
SUAC,ShoulderUp Technology Acquisition Corp - Class A
SUAC-U,ShoulderUp Technology Acquisition Corp - Units (1 Ord Class A & 1/2 War)
SUAC-WS,ShoulderUp Technology Acquisition Corp - Warrants (01/01/9999)
SUI,Sun Communities Inc
SUM,Summit Materials Inc - Class A
SUN,Sunoco LP
SUP,Superior Industries International Inc
SUPV,Grupo Supervielle S.A.
SUZ,Suzano S.A.
SVV,Savers Value Village Inc
SWI,SolarWinds Corp
SWK,Stanley Black & Decker Inc
SWN,Southwestern Energy Company
SWX,Southwest Gas Holdings Inc
SXC,SunCoke Energy Inc
SXI,Standex International Corp
SXT,Sensient Technologies Corp
SYF,Synchrony Financial
SYF-P-A,Synchrony Financial
SYK,Stryker Corp
SYY,Sysco Corp
T,AT&T Inc
T-P-A,AT&T Inc
T-P-C,AT&T Inc
TAC,Transalta Corp
TAK,Takeda Pharmaceutical Company
TAL,TAL Education Group
TALO,Talos Energy Inc
TAP,Molson Coors Beverage Company - Class B
TAP-A,Molson Coors Beverage Company - Class A
TARO,Taro Pharmaceutical Industries
TBB,AT&T Inc
TBBB,BBB Foods Inc - Class A
TBC,AT&T Inc
TBI,TrueBlue Inc
TCI,Transcontinental Realty Investors Inc
TCN,Tricon Residential Inc
TCOA,Zalatoris Acquisition Corp - Class A
TCOA-U,Zalatoris Acquisition Corp - Units (1 Ord Share Class A & 1/2 War)
TCOA-WS,Zalatoris Acquisition Corp - Warrants (01/01/9999)
TCS,Container Store Group Inc
TD,Toronto Dominion Bank
TDC,Teradata Corp
TDCX,TDCX Inc
TDG,Transdigm Group Incorporated
TDOC,Teladoc Health Inc
TDS,Telephone And Data Systems Inc
TDS-P-U,Telephone And Data Systems Inc
TDS-P-V,Telephone And Data Systems Inc
TDW,Tidewater Inc - New
TDY,Teledyne Technologies Inc
TEAF,Ecofin Sustainable and Social Impact Term Fund
TECK,Teck Resources Ltd - Class B - Class B (Sub Voting)
TEF,Telefonica S.A
TEL,TE Connectivity Ltd
TEO,Telecom Argentina S.A.
TEVA,Teva- Pharmaceutical Industries Ltd
TEX,Terex Corp
TFC,Truist Financial Corporation
TFC-P-I,Truist Financial Corporation
TFC-P-O,Truist Financial Corporation
TFC-P-R,Truist Financial Corporation
TFII,TFI International Inc
TFPM,Triple Flag Precious Metals Corp
TFSA,Terra Income Fund 6 Inc
TFX,Teleflex Incorporated
TG,Tredegar Corp
TGH,Textainer Group Holdings Ltd
TGH-P-A,Textainer Group Holdings Ltd
TGH-P-B,Textainer Group Holdings Ltd
TGI,Triumph Group Inc
TGLS,Tecnoglass Inc
TGNA,TEGNA Inc
TGR-WS,Kimbell Tiger Acquisition Corporation Warrants each whole warrant exercisable for one share of Class A common stock at an exercise price of 11.50 per share
TGS,Transportadora de Gas del Sur
TGT,Target Corp
THC,Tenet Healthcare Corp
THG,Hanover Insurance Group Inc
THO,Thor Industries Inc
THR,Thermon Group Holdings Inc
THS,Treehouse Foods Inc
TIMB,TIM SA
TISI,Team Inc
TIXT,TELUS International (Cda) Inc (Sub Voting)
TJX,TJX Companies Inc
TK,Teekay Corp
TKC,Turkcell Iletisim Hizmetleri A.S.
TKO,TKO Group Holdings Inc - Class A
TKR,Timken Company
TLK,Telkom Indonesia (Persero) Tbk PT
TLYS,Tillys Inc - Class A
TM,Toyota Motor Corporation
TMAC,Music Acquisition Corporation - Series A
TMAC-U,Music Acquisition Corporation - Units (1 Ord Class A & 1/2 War)
TME,Tencent Music Entertainment Group
TMHC,Taylor Morrison Home Corp
TMO,Thermo Fisher Scientific Inc
TNC,Tennant Company
TNET,TriNet Group Inc
TNK,Teekay Tankers Ltd - Class A
TNL,Travel+Leisure Company
TNP,Tsakos Energy Navigation Ltd
TNP-P-E,Tsakos Energy Navigation Ltd
TNP-P-F,Tsakos Energy Navigation Ltd
TOL,Toll Brothers Inc
TOST,Toast Inc - Class A
TPB,Turning Point Brands Inc
TPC,Tutor Perini Corp
TPH,Tri Pointe Homes Inc
TPL,Texas Pacific Land Corporation
TPR,Tapestry Inc
TPTA,Terra Property Trust Inc
TPVG,TriplePoint Venture Growth BDC Corp
TPX,Tempur Sealy International Inc
TR,Tootsie Roll Industries Inc
TRC,Tejon Ranch Company
TREX,TREX Co. Inc
TRGP,Targa Resources Corp
TRI,Thomson-Reuters Corp
TRIS,Tristar Acquisition I Corp - Class A
TRIS-U,Tristar Acquisition I Corp - Units (1 Ord Class A & 1/2 War)
TRIS-WS,Tristar Acquisition I Corp - Warrants (01/01/9999)
TRN,Trinity Industries Inc
TRNO,Terreno Realty Corp
TROX,Tronox Holdings plc - Class A
TRP,TC Energy Corporation
TRTL,TortoiseEcofin Acquisition Corp III - Class A
TRTL-U,TortoiseEcofin Acquisition Corp III - Units (1 Ord Share Class A & 1/4 War)
TRTL-WS,TortoiseEcofin Acquisition Corp III - Warrants (01/01/9999)
TRTN-P-A,Triton International Limited 8.50 Series A Cumulative Redeemable Perpetual Preference Shares
TRTN-P-B,Triton International Ltd 8 PRF PERPETUAL USD 25 Ser B
TRTN-P-C,Triton International Ltd
TRTN-P-D,Triton International Ltd
TRTN-P-E,Triton International Ltd
TRTX,TPG RE Finance Trust Inc
TRTX-P-C,TPG RE Finance Trust Inc
TRU,TransUnion
TRV,Travelers Companies Inc
TS,Tenaris S.A.
TSE,Trinseo PLC
TSLX,Sixth Street Specialty Lending Inc
TSM,Taiwan Semiconductor Manufacturing
TSN,Tyson Foods Inc - Class A
TSQ,Townsquare Media Inc - Class A
TT,Trane Technologies plc - Class A
TTC,Toro Company
TTE,TotalEnergies SE
TTI,Tetra Technologies Inc
TU,Telus Corp
TUP,Tupperware Brands Corporation
TUYA,Tuya Inc
TV,Grupo Televisa SAB
TVC,Tennessee Valley Authority
TVE,Tennessee Valley Authority
TWI,Titan International Inc
TWLO,Twilio Inc Class A
TWO,Two Harbors Investment Corp
TWO-P-A,Two Harbors Investment Corp
TWO-P-B,Two Harbors Investment Corp
TWO-P-C,Two Harbors Investment Corp
TWOA,two - Class A
TX,Ternium S.A.
TXO,TXO Partners L.P.
TXT,Textron Inc
TY-P,Tri-Continental Corp
TYL,Tyler Technologies Inc
U,Unity Software Inc
UA,Under Armour Inc - Class C
UAA,Under Armour Inc - Class A
UAN,CVR Partners LP
UBER,Uber Technologies Inc
UBS,UBS Group AG
UDR,UDR Inc
UE,Urban Edge Properties
UFI,UNIFI Inc
UGI,UGI Corp
UGIC,UGI Corp
UGP,Ultrapar Participacoes S.A.
UHAL,U-Haul Holding Company
UHAL-B,U-Haul Holding Company - Series N
UHS,Universal Health Services Inc - Class B
UHT,Universal Health Realty Income Trust
UI,Ubiquiti Inc
UIS,Unisys Corp
UL,Unilever plc
UMC,United Micro Electronics
UMH,UMH Properties Inc
UMH-P-D,UMH Properties Inc
UNF,Unifirst Corp
UNFI,United Natural Foods Inc
UNH,Unitedhealth Group Inc
UNM,Unum Group
UNMA,Unum Group 6250 Junior Subordinated Notes due 2058
UNP,Union Pacific Corp
UP,Wheels Up Experience Inc - Class A
UPS,United Parcel Service Inc - Class B
URI,United Rentals Inc
USAC,USA Compression Partners LP
USB,U.S. Bancorp.
USB-P-A,U.S. Bancorp.
USB-P-H,US Bancorp Depositary Shares repstg 11000th Pfd Ser B
USB-P-P,U.S. Bancorp.
USB-P-Q,U.S. Bancorp.
USB-P-R,U.S. Bancorp.
USB-P-S,U.S. Bancorp.
USFD,US Foods Holding Corp
USM,United States Cellular Corporation
USNA,Usana Health Sciences Inc
USPH,U.S. Physical Therapy Inc
USX,U.S. Xpress Enterprises Inc - Class A
UTI,Universal Technical Institute Inc
UTL,Unitil Corp
UTZ,Utz Brands Inc - Class A
UVE,Universal Insurance Holdings Inc
UVV,Universal Corp
UWMC,UWM Holdings Corporation Class A
UWMC-WS,UWM Holdings Corporation Warrant
UZD,United States Cellular Corporation
UZE,United States Cellular Corporation
UZF,United States Cellular Corporation
V,Visa Inc - Class A
VAC,Marriott Vacations Worldwide Corp
VAL,Valaris Ltd
VAL-WS,Valaris Ltd Warrants
VALE,Vale S.A.
VAPO,Vapotherm Inc
VATE,Innovate Corp
VEEV,Veeva Systems Inc - Class A
VEL,Velocity Financial Inc
VET,Vermilion Energy Inc
VFC,VF Corp
VGR,Vector Group Ltd
VHC,Virnetx Holding Corp
VHI,Valhi Inc
VIAO,VIA optronics AG
VICI,VICI Properties Inc
VIPS,Vipshop Holdings Ltd
VIST,Vista Energy S.A.B. de C.V
VIV,Telefonica Brasil S.A.
VLD,Velo3D Inc - New
VLD-WS,Velo3D Inc Redeemable warrants each whole warrant exercisable for one share of Common Stock at an exercise price of 11.50
VLN,Valens Semiconductor Ltd
VLN-WS,Valens Semiconductor Ltd Warrants each warrant to purchase onehalf of one Ordinary Share
VLO,Valero Energy Corp
VLRS,Controladora Vuela Cia De Aviacion
VLTO,Veralto Corp
VLTO-W,Veralto Corp WhenIssued
VMC,Vulcan Materials Company
VMI,Valmont Industries Inc
VMW,Vmware Inc - Class A
VNCE,Vince Holding Corp
VNO,Vornado Realty Trust
VNO-P-L,Vornado Realty Trust
VNO-P-M,Vornado Realty Trust
VNO-P-N,Vornado Realty Trust
VNO-P-O,Vornado Realty Trust 4.45 Series O Cumulative Redeemable Preferred Shares Liquidation Preference 25.00 Per Share
VNT,Vontier Corporation
VOC,VOC Energy Trust
VOYA,Voya Financial Inc
VOYA-P-B,Voya Financial Inc
VPG,Vishay Precision Group Inc
VRE,Veris Residential Inc
VRT,Vertiv Holdings Co - Class A
VSCO,Victoria`s Secret & Company
VSH,Vishay Intertechnology Inc
VST,Vistra Corp
VSTO,Vista Outdoor Inc
VSTS,Vestis Corporation
VSTS-W,Vestis Corporation WhenIssued
VTEX,Vtex - Class A
VTLE,Vital Energy Inc
VTMX,Corporacion Inmobiliaria Vesta Sab
VTOL,Bristow Group Inc
VTR,Ventas Inc
VTS,Vitesse Energy Inc
VTS-W,Vitesse Energy Inc WhenIssued
VVI,Viad Corp
VVV,Valvoline Inc
VVX,V2X Inc
VYX,NCR Voyix Corp
VYX-W,NCR Corporation WhenIssued
VZ,Verizon Communications Inc
VZIO,VIZIO Holding Corp - Class A
W,Wayfair Inc - Class A
WAB,Westinghouse Air Brake Technologies Corp
WAL,Western Alliance Bancorp
WAL-P-A,Western Alliance Bancorporation Depositary Shares Series A
WAT,Waters Corp
WBS,Webster Financial Corp
WBS-P-F,Webster Financial Corp
WBS-P-G,Webster Financial Corp
WBX,Wallbox N.V - Class A
WBX-WS,Wallbox N.V - Warrants(01/01/9999)
WCC,Wesco International Inc
WCC-P-A,Wesco International Inc
WCN,Waste Connections Inc
WD,Walker & Dunlop Inc
WDH,Waterdrop Inc
WDI,Western Asset Diversified Income Fund
WDS,Woodside Energy Group Ltd
WEAV,Weave Communications Inc
WEC,WEC Energy Group Inc
WEL,Integrated Wellness Acquisition Corp - Class A
WEL-U,Integrated Wellness Acquisition Corp - Units (1 Ord Class A & 1/2 War)
WEL-WS,Integrated Wellness Acquisition Corp - Warrants (01/01/9999)
WELL,Welltower Inc
WES,Western Midstream Partners LP
WEX,WEX Inc
WF,Woori Financial Group Inc
WFC,Wells Fargo & Company
WFC-P-A,Wells Fargo & Company
WFC-P-C,Wells Fargo & Company
WFC-P-D,Wells Fargo & Company
WFC-P-L,Wells Fargo & Company
WFC-P-R,Wells Fargo & Company
WFC-P-Y,Wells Fargo & Company
WFC-P-Z,Wells Fargo & Company DEP REP 1/1000TH
WFG,West Fraser Timber Co. Ltd
WGO,Winnebago Industries Inc
WH,Wyndham Hotels & Resorts Inc
WHD,Cactus Inc - Class A
WHG,Westwood Holdings Group Inc
WHR,Whirlpool Corp
WIT,Wipro Ltd
WK,Workiva Inc - Class A
WKC,World Kinect Corp
WLK,Westlake Corporation
WLKP,Westlake Chemical Partners LP
WLY,John Wiley & Sons Inc - Class A
WLYB,John Wiley & Sons Inc - Class B
WM,Waste Management Inc
WMB,Williams Cos Inc
WMK,Weis Markets Inc
WMS,Advanced Drainage Systems Inc
WMT,Walmart Inc
WNC,Wabash National Corp
WNNR,Andretti Acquisition Corp - Class A
WNNR-U,Andretti Acquisition Corp - Units (1 Ord Class A & 1/2 War)
WNNR-WS,Andretti Acquisition Corp - Warrants (01/01/9999)
WNS,WNS Holdings Ltd
WOLF,Wolfspeed Inc
WOR,Worthington Enterprises Inc
WOR-W,Worthington Industries Inc WhenIssued
WOW,WideOpenWest Inc
WPC,W. P. Carey Inc
WPC-W,W. P. Carey Inc WhenIssued
WPM,Wheaton Precious Metals Corp
WPP,WPP Plc.
WRB,W.R. Berkley Corp
WRB-P-E,W.R. Berkley Corp
WRB-P-F,W.R. Berkley Corp
WRB-P-G,W.R. Berkley Corp
WRB-P-H,W.R. Berkley Corp
WRBY,Warby Parker Inc - Class A
WRK,WestRock Company
WS,Worthington Steel Inc
WS-W,Worthington Steel Inc WhenIssued
WSM,Williams-Sonoma Inc
WSO,Watsco Inc - Class A
WSO-B,Watsco Inc - Class B
WSR,Whitestone REIT
WST,West Pharmaceutical Services Inc
WT,WisdomTree Inc
WTI,W & T Offshore Inc
WTM,White Mountains Insurance Group Ltd
WTRG,Essential Utilities Inc
WTS,Watts Water Technologies Inc - Class A
WTTR,Select Water Solutions Inc - Class A
WU,Western Union Company
WWW,Wolverine World Wide Inc
WY,Weyerhaeuser Company
X,United States Steel Corp
XFLT-P-A,XAI Octagon Floating Rate & Alternative Income Term Trust
XHR,Xenia Hotels & Resorts Inc
XIN,Xinyuan Real Estate Co. Ltd
XOM,Exxon Mobil Corp
XPER,Xperi Inc
XPEV,XPeng Inc
XPO,XPO Inc
XPOF,Xponential Fitness Inc - Class A
XPRO,Expro Group Holdings N.V.
XYF,X Financial
XYL,Xylem Inc
YALA,Yalla Group Ltd
YELP,Yelp Inc
YETI,YETI Holdings Inc
YEXT,Yext Inc
YMM,Full Truck Alliance Co Ltd
YOU,Clear Secure Inc Class A
YPF,YPF
YRD,Yiren Digital Ltd
YSG,Yatsen Holding Ltd
YUM,Yum Brands Inc
YUMC,Yum China Holdings Inc
ZBH,Zimmer Biomet Holdings Inc
ZEPP,Zepp Health Corporation
ZETA,Zeta Global Holdings Corp - Class A
ZEV-WS,Lightning eMotors Inc Wt Exp 05182025
ZGN,Ermenegildo Zegna N.V.
ZH,Zhihu Inc
ZIM,Zim Integrated Shipping Services Ltd
ZIP,ZipRecruiter Inc - Class A
ZKH,ZKH Group Ltd
ZTO,ZTO Express (Cayman) Inc
ZTS,Zoetis Inc - Class A
ZUO,Zuora Inc - Class A
ZVIA,Zevia PBC - Class A
ZWS,Zurn Elkay Water Solutions Corp
